famille;age;sexe;categories
ACC CH_CIRAGE;BEBE;F;Chaussures enfants/Fille/Produits d'entretien
ACC CH_CIRAGE;BEBE;G;Chaussures enfants/Garcon/Produits d'entretien
ACC CH_CIRAGE;BEBE;M;"Chaussures enfants/Fille/Produits d'entretien;;Chaussures enfants/Garcon/Produits d'entretien"
ACC CH_CIRAGE;DPAM;F;Chaussures enfants/Fille/Produits d'entretien
ACC CH_CIRAGE;DPAM;G;Chaussures enfants/Garcon/Produits d'entretien
ACC CH_CIRAGE;DPAM;M;"Chaussures enfants/Fille/Produits d'entretien;;Chaussures enfants/Garcon/Produits d'entretien"
ACC CH_IMPERMEABILISANT;BEBE;F;Chaussures enfants/Fille/Produits d'entretien
ACC CH_IMPERMEABILISANT;BEBE;G;Chaussures enfants/Garcon/Produits d'entretien
ACC CH_IMPERMEABILISANT;BEBE;M;"Chaussures enfants/Fille/Produits d'entretien;;Chaussures enfants/Garcon/Produits d'entretien"
ACC CH_IMPERMEABILISANT;DPAM;F;Chaussures enfants/Fille/Produits d'entretien
ACC CH_IMPERMEABILISANT;DPAM;G;Chaussures enfants/Garcon/Produits d'entretien
ACC CH_IMPERMEABILISANT;DPAM;M;"Chaussures enfants/Fille/Produits d'entretien;;Chaussures enfants/Garcon/Produits d'entretien"
ACC CH_PEDIMETRE;BEBE;F;Chaussures enfants/Fille/Produits d'entretien
ACC CH_PEDIMETRE;BEBE;G;Chaussures enfants/Garcon/Produits d'entretien
ACC CH_PEDIMETRE;BEBE;M;"Chaussures enfants/Fille/Produits d'entretien;;Chaussures enfants/Garcon/Produits d'entretien"
ACC CH_PEDIMETRE;DPAM;F;Chaussures enfants/Fille/Produits d'entretien
ACC CH_PEDIMETRE;DPAM;G;Chaussures enfants/Garcon/Produits d'entretien
ACC CH_PEDIMETRE;DPAM;M;"Chaussures enfants/Fille/Produits d'entretien;;Chaussures enfants/Garcon/Produits d'entretien"
ACC CH_SEMELLE;BEBE;F;Chaussures enfants/Fille/Produits d'entretien
ACC CH_SEMELLE;BEBE;G;Chaussures enfants/Garcon/Produits d'entretien
ACC CH_SEMELLE;BEBE;M;"Chaussures enfants/Fille/Produits d'entretien;;Chaussures enfants/Garcon/Produits d'entretien"
ACC CH_SEMELLE;DPAM;F;Chaussures enfants/Fille/Produits d'entretien
ACC CH_SEMELLE;DPAM;G;Chaussures enfants/Garcon/Produits d'entretien
ACC CH_SEMELLE;DPAM;M;"Chaussures enfants/Fille/Produits d'entretien;;Chaussures enfants/Garcon/Produits d'entretien"
ACCESSOIRE;BEBE;F;
ACCESSOIRE;BEBE;G;
ACCESSOIRE;BEBE;M;
ACCESSOIRE;DPAM;F;
ACCESSOIRE;DPAM;G;
ACCESSOIRE;DPAM;M;
ACCESSOIRES CHAISE;BEBE;F;La Naissance et tout autour/La Puériculture/Les Repas/Chaises hautes, assises
ACCESSOIRES CHAISE;BEBE;G;La Naissance et tout autour/La Puériculture/Les Repas/Chaises hautes, assises
ACCESSOIRES CHAISE;BEBE;M;La Naissance et tout autour/La Puériculture/Les Repas/Chaises hautes, assises
ACCESSOIRES CHAISE;DPAM;F;La Naissance et tout autour/La Puériculture/Les Repas/Chaises hautes, assises
ACCESSOIRES CHAISE;DPAM;G;La Naissance et tout autour/La Puériculture/Les Repas/Chaises hautes, assises
ACCESSOIRES CHAISE;DPAM;M;La Naissance et tout autour/La Puériculture/Les Repas/Chaises hautes, assises
ACCESSOIRES DE THEME;BEBE;F;
ACCESSOIRES DE THEME;BEBE;G;
ACCESSOIRES DE THEME;BEBE;M;
ACCESSOIRES DE THEME;DPAM;F;
ACCESSOIRES DE THEME;DPAM;G;Garçon 3 - 14 ans/Les Produits/Accessoires garcon/Autres
ACCESSOIRES DE THEME;DPAM;M;
ACCESSOIRES POUSSETTES;BEBE;F;La Naissance et tout autour/La Puériculture/La Promenade/Accessoires poussette
ACCESSOIRES POUSSETTES;BEBE;G;La Naissance et tout autour/La Puériculture/La Promenade/Accessoires poussette
ACCESSOIRES POUSSETTES;BEBE;M;La Naissance et tout autour/La Puériculture/La Promenade/Accessoires poussette
ACCESSOIRES POUSSETTES;DPAM;F;La Naissance et tout autour/La Puériculture/La Promenade/Accessoires poussette
ACCESSOIRES POUSSETTES;DPAM;G;La Naissance et tout autour/La Puériculture/La Promenade/Accessoires poussette
ACCESSOIRES POUSSETTES;DPAM;M;La Naissance et tout autour/La Puériculture/La Promenade/Accessoires poussette
ACCESSOIRES REPAS;BEBE;F;La Naissance et tout autour/La Puériculture/Les Repas/Accessoires repas
ACCESSOIRES REPAS;BEBE;G;La Naissance et tout autour/La Puériculture/Les Repas/Accessoires repas
ACCESSOIRES REPAS;BEBE;M;La Naissance et tout autour/La Puériculture/Les Repas/Accessoires repas
ACCESSOIRES REPAS;DPAM;F;La Naissance et tout autour/La Puériculture/Les Repas/Accessoires repas
ACCESSOIRES REPAS;DPAM;G;La Naissance et tout autour/La Puériculture/Les Repas/Accessoires repas
ACCESSOIRES REPAS;DPAM;M;La Naissance et tout autour/La Puériculture/Les Repas/Accessoires repas
ASSIETTE;BEBE;F;La Naissance et tout autour/La Puériculture/Les Repas/Accessoires repas
ASSIETTE;BEBE;G;La Naissance et tout autour/La Puériculture/Les Repas/Accessoires repas
ASSIETTE;BEBE;M;La Naissance et tout autour/La Puériculture/Les Repas/Accessoires repas
ASSIETTE;DPAM;F;La Naissance et tout autour/La Puériculture/Les Repas/Accessoires repas
ASSIETTE;DPAM;G;La Naissance et tout autour/La Puériculture/Les Repas/Accessoires repas
ASSIETTE;DPAM;M;La Naissance et tout autour/La Puériculture/Les Repas/Accessoires repas
BAIGNADE_NU PIEDS;BEBE;F;Chaussures enfants/Fille/Tongs, Plage
BAIGNADE_NU PIEDS;BEBE;G;Chaussures enfants/Garcon/Tongs, Plage
BAIGNADE_NU PIEDS;BEBE;M;"Chaussures enfants/Fille/Tongs, Plage;;Chaussures enfants/Garcon/Tongs, Plage"
BAIGNADE_NU PIEDS;DPAM;F;Chaussures enfants/Fille/Tongs, Plage
BAIGNADE_NU PIEDS;DPAM;G;Chaussures enfants/Garcon/Tongs, Plage
BAIGNADE_NU PIEDS;DPAM;M;"Chaussures enfants/Fille/Tongs, Plage;;Chaussures enfants/Garcon/Tongs, Plage"
BAIGNADE_SANDALE;BEBE;F;Chaussures enfants/Fille/Sandales, nu pieds
BAIGNADE_SANDALE;BEBE;G;Chaussures enfants/Garcon/Sandales, nu pieds
BAIGNADE_SANDALE;BEBE;M;"Chaussures enfants/Fille/Sandales, nu pieds;;Chaussures enfants/Garcon/Sandales, nu pieds"
BAIGNADE_SANDALE;DPAM;F;Chaussures enfants/Fille/Sandales, nu pieds
BAIGNADE_SANDALE;DPAM;G;Chaussures enfants/Garcon/Sandales, nu pieds
BAIGNADE_SANDALE;DPAM;M;"Chaussures enfants/Fille/Sandales, nu pieds;;Chaussures enfants/Garcon/Sandales, nu pieds"
BAIGNADE_TONG;BEBE;F;Chaussures enfants/Fille/Tongs, Plage
BAIGNADE_TONG;BEBE;G;Chaussures enfants/Garcon/Tongs, Plage
BAIGNADE_TONG;BEBE;M;"Chaussures enfants/Fille/Tongs, Plage;;Chaussures enfants/Garcon/Tongs, Plage"
BAIGNADE_TONG;DPAM;F;Chaussures enfants/Fille/Tongs, Plage
BAIGNADE_TONG;DPAM;G;Chaussures enfants/Garcon/Tongs, Plage
BAIGNADE_TONG;DPAM;M;"Chaussures enfants/Fille/Tongs, Plage;;Chaussures enfants/Garcon/Tongs, Plage"
BAIGNOIRE;BEBE;F;La Naissance et tout autour/La Puériculture/Le Bain/Baignoires et transats
BAIGNOIRE;BEBE;G;La Naissance et tout autour/La Puériculture/Le Bain/Baignoires et transats
BAIGNOIRE;BEBE;M;La Naissance et tout autour/La Puériculture/Le Bain/Baignoires et transats
BAIGNOIRE;DPAM;F;La Naissance et tout autour/La Puériculture/Le Bain/Baignoires et transats
BAIGNOIRE;DPAM;G;La Naissance et tout autour/La Puériculture/Le Bain/Baignoires et transats
BAIGNOIRE;DPAM;M;La Naissance et tout autour/La Puériculture/Le Bain/Baignoires et transats
BANDEAU;BEBE;F;Bébé Fille 3 à 23 mois/Les Produits/Accessoires bébé fille/Bandeaux, fichus, foulards
BANDEAU;BEBE;G;
BANDEAU;BEBE;M;Bébé Fille 3 à 23 mois/Les Produits/Accessoires bébé fille/Bandeaux, fichus, foulards
BANDEAU;DPAM;F;Fille 3 - 14 ans/Les Produits/Accessoires fille/Accessoires cheveux
BANDEAU;DPAM;G;
BANDEAU;DPAM;M;Fille 3 - 14 ans/Les Produits/Accessoires fille/Accessoires cheveux
BARRETTE;BEBE;F;
BARRETTE;BEBE;G;
BARRETTE;BEBE;M;
BARRETTE;DPAM;F;Fille 3 - 14 ans/Les Produits/Accessoires fille/Accessoires cheveux
BARRETTE;DPAM;G;
BARRETTE;DPAM;M;Fille 3 - 14 ans/Les Produits/Accessoires fille/Accessoires cheveux
BAVOIR;BEBE;F;La Naissance et tout autour/La Puériculture/Les Repas/Bavoirs, langes
BAVOIR;BEBE;G;La Naissance et tout autour/La Puériculture/Les Repas/Bavoirs, langes
BAVOIR;BEBE;M;La Naissance et tout autour/La Puériculture/Les Repas/Bavoirs, langes
BAVOIR;DPAM;F;La Naissance et tout autour/La Puériculture/Les Repas/Bavoirs, langes
BAVOIR;DPAM;G;La Naissance et tout autour/La Puériculture/Les Repas/Bavoirs, langes
BAVOIR;DPAM;M;La Naissance et tout autour/La Puériculture/Les Repas/Bavoirs, langes
BERMUDA;BEBE;F;
BERMUDA;BEBE;G;Bébé garçon 3 à 23 mois/Les Produits/Bermudas, shorts
BERMUDA;BEBE;M;
BERMUDA;DPAM;F;
BERMUDA;DPAM;G;Garçon 3 - 14 ans/Les Produits/Bermudas, shorts
BERMUDA;DPAM;M;
BIBERON;BEBE;F;La Naissance et tout autour/La Puériculture/Les Repas/Biberonnerie
BIBERON;BEBE;G;La Naissance et tout autour/La Puériculture/Les Repas/Biberonnerie
BIBERON;BEBE;M;La Naissance et tout autour/La Puériculture/Les Repas/Biberonnerie
BIBERON;DPAM;F;La Naissance et tout autour/La Puériculture/Les Repas/Biberonnerie
BIBERON;DPAM;G;La Naissance et tout autour/La Puériculture/Les Repas/Biberonnerie
BIBERON;DPAM;M;La Naissance et tout autour/La Puériculture/Les Repas/Biberonnerie
BLOOMER;BEBE;F;Bébé Fille 3 à 23 mois/Les Produits/Jupes, Shorts, Bloomers
BLOOMER;BEBE;G;
BLOOMER;BEBE;M;Bébé Fille 3 à 23 mois/Les Produits/Jupes, Shorts, Bloomers
BLOOMER;DPAM;F;
BLOOMER;DPAM;G;
BLOOMER;DPAM;M;
BLOUSON;BEBE;F;Bébé Fille 3 à 23 mois/Les Produits/Manteaux, blousons/Imperméables, parkas, vestes
BLOUSON;BEBE;G;Bébé garçon 3 à 23 mois/Les Produits/Manteaux, blousons/Imperméables, parkas, vestes
BLOUSON;BEBE;M;"Bébé Fille 3 à 23 mois/Les Produits/Manteaux, blousons/Imperméables, parkas, vestes;;Bébé Fille 3 à 23 mois/Les Produits/Manteaux, blousons/Imperméables, parkas, vestes"
BLOUSON;DPAM;F;Fille 3 - 14 ans/Les Produits/Manteaux et blousons/Vestes, blousons
BLOUSON;DPAM;G;Garçon 3 - 14 ans/Les Produits/Manteaux et blousons/Vestes, blousons
BLOUSON;DPAM;M;"Fille 3 - 14 ans/Les Produits/Manteaux et blousons/Vestes, blousons;;Fille 3 - 14 ans/Les Produits/Manteaux et blousons/Vestes, blousons"
BOB;BEBE;F;Bébé Fille 3 à 23 mois/Les Produits/Accessoires bébé fille/Chapeaux, bobs
BOB;BEBE;G;Bébé garçon 3 à 23 mois/Les Produits/Accessoires bébé garcon/Bobs, casquettes
BOB;BEBE;M;"Bébé Fille 3 à 23 mois/Les Produits/Accessoires bébé fille/Chapeaux, bobs;;Bébé Fille 3 à 23 mois/Les Produits/Accessoires bébé fille/Chapeaux, bobs"
BOB;DPAM;F;
BOB;DPAM;G;Garçon 3 - 14 ans/Les Produits/Accessoires garcon/Bobs, casquettes
BOB;DPAM;M;
BODY;BEBE;F;"La Naissance et tout autour/Vêtements Naissance/Bodies;;Bébé Fille 3 à 23 mois/Les Produits/Bodies"
BODY;BEBE;G;"La Naissance et tout autour/Vêtements Naissance/Bodies;;Bébé garçon 3 à 23 mois/Les Produits/Bodies"
BODY;BEBE;M;"La Naissance et tout autour/Vêtements Naissance/Bodies;;Bébé Fille 3 à 23 mois/Les Produits/Bodies;;Bébé Fille 3 à 23 mois/Les Produits/Bodies"
BODY;DPAM;F;La Naissance et tout autour/Vêtements Naissance/Bodies
BODY;DPAM;G;La Naissance et tout autour/Vêtements Naissance/Bodies
BODY;DPAM;M;La Naissance et tout autour/Vêtements Naissance/Bodies
BODY SOUS VET;BEBE;F;"La Naissance et tout autour/Vêtements Naissance/Bodies;;Bébé Fille 3 à 23 mois/Les Produits/Bodies"
BODY SOUS VET;BEBE;G;"La Naissance et tout autour/Vêtements Naissance/Bodies;;Bébé garçon 3 à 23 mois/Les Produits/Bodies"
BODY SOUS VET;BEBE;M;"La Naissance et tout autour/Vêtements Naissance/Bodies;;Bébé Fille 3 à 23 mois/Les Produits/Bodies;;Bébé Fille 3 à 23 mois/Les Produits/Bodies"
BODY SOUS VET;DPAM;F;La Naissance et tout autour/Vêtements Naissance/Bodies
BODY SOUS VET;DPAM;G;La Naissance et tout autour/Vêtements Naissance/Bodies
BODY SOUS VET;DPAM;M;La Naissance et tout autour/Vêtements Naissance/Bodies
BOITE A MUSIQUE;BEBE;F;La Naissance et tout autour/La Puériculture/Doudous et Jouets/Jouets musicaux et éveil
BOITE A MUSIQUE;BEBE;G;La Naissance et tout autour/La Puériculture/Doudous et Jouets/Jouets musicaux et éveil
BOITE A MUSIQUE;BEBE;M;La Naissance et tout autour/La Puériculture/Doudous et Jouets/Jouets musicaux et éveil
BOITE A MUSIQUE;DPAM;F;La Naissance et tout autour/La Puériculture/Doudous et Jouets/Jouets musicaux et éveil
BOITE A MUSIQUE;DPAM;G;La Naissance et tout autour/La Puériculture/Doudous et Jouets/Jouets musicaux et éveil
BOITE A MUSIQUE;DPAM;M;La Naissance et tout autour/La Puériculture/Doudous et Jouets/Jouets musicaux et éveil
BONNET;BEBE;F;Bébé Fille 3 à 23 mois/Les Produits/Accessoires bébé fille/Bonnets, écharpes, gants
BONNET;BEBE;G;Bébé garçon 3 à 23 mois/Les Produits/Accessoires bébé garcon/Bonnets, écharpes, gants
BONNET;BEBE;M;"Bébé Fille 3 à 23 mois/Les Produits/Accessoires bébé fille/Bonnets, écharpes, gants;;Bébé Fille 3 à 23 mois/Les Produits/Accessoires bébé fille/Bonnets, écharpes, gants"
BONNET;DPAM;F;Fille 3 - 14 ans/Les Produits/Accessoires fille/Bonnets, écharpes, gants
BONNET;DPAM;G;Garçon 3 - 14 ans/Les Produits/Accessoires garcon/Bonnets, écharpes, gants
BONNET;DPAM;M;"Fille 3 - 14 ans/Les Produits/Accessoires fille/Bonnets, écharpes, gants;;Fille 3 - 14 ans/Les Produits/Accessoires fille/Bonnets, écharpes, gants"
BONNET DE BAIN;BEBE;F;
BONNET DE BAIN;BEBE;G;
BONNET DE BAIN;BEBE;M;
BONNET DE BAIN;DPAM;F;Fille 3 - 14 ans/Les Produits/Accessoires fille/Autres
BONNET DE BAIN;DPAM;G;Garçon 3 - 14 ans/Les Produits/Accessoires garcon/Autres
BONNET DE BAIN;DPAM;M;"Fille 3 - 14 ans/Les Produits/Accessoires fille/Autres;;Fille 3 - 14 ans/Les Produits/Accessoires fille/Autres"
BOULIER;BEBE;F;La Naissance et tout autour/La Puériculture/Doudous et Jouets/Bouliers, Mobiles
BOULIER;BEBE;G;La Naissance et tout autour/La Puériculture/Doudous et Jouets/Bouliers, Mobiles
BOULIER;BEBE;M;La Naissance et tout autour/La Puériculture/Doudous et Jouets/Bouliers, Mobiles
BOULIER;DPAM;F;La Naissance et tout autour/La Puériculture/Doudous et Jouets/Bouliers, Mobiles
BOULIER;DPAM;G;La Naissance et tout autour/La Puériculture/Doudous et Jouets/Bouliers, Mobiles
BOULIER;DPAM;M;La Naissance et tout autour/La Puériculture/Doudous et Jouets/Bouliers, Mobiles
BRACELET;BEBE;F;
BRACELET;BEBE;G;
BRACELET;BEBE;M;
BRACELET;DPAM;F;Fille 3 - 14 ans/Les Produits/Accessoires fille/Bijoux
BRACELET;DPAM;G;
BRACELET;DPAM;M;Fille 3 - 14 ans/Les Produits/Accessoires fille/Bijoux
BRACELET+COLLIER;BEBE;F;
BRACELET+COLLIER;BEBE;G;
BRACELET+COLLIER;BEBE;M;
BRACELET+COLLIER;DPAM;F;Fille 3 - 14 ans/Les Produits/Accessoires fille/Bijoux
BRACELET+COLLIER;DPAM;G;
BRACELET+COLLIER;DPAM;M;Fille 3 - 14 ans/Les Produits/Accessoires fille/Bijoux
CABAN;BEBE;F;
CABAN;BEBE;G;
CABAN;BEBE;M;
CABAN;DPAM;F;
CABAN;DPAM;G;Garçon 3 - 14 ans/Les Produits/Manteaux et blousons/Manteaux, vestes, blousons
CABAN;DPAM;M;
CAGOULE;BEBE;F;Bébé Fille 3 à 23 mois/Les Produits/Accessoires bébé fille/Bonnets, écharpes, gants
CAGOULE;BEBE;G;Bébé garçon 3 à 23 mois/Les Produits/Accessoires bébé garcon/Bonnets, écharpes, gants
CAGOULE;BEBE;M;"Bébé Fille 3 à 23 mois/Les Produits/Accessoires bébé fille/Bonnets, écharpes, gants;;Bébé Fille 3 à 23 mois/Les Produits/Accessoires bébé fille/Bonnets, écharpes, gants"
CAGOULE;DPAM;F;
CAGOULE;DPAM;G;
CAGOULE;DPAM;M;
CALECON;BEBE;F;Bébé Fille 3 à 23 mois/Les Produits/Pantalons, Salopettes, Caleçons
CALECON;BEBE;G;
CALECON;BEBE;M;Bébé Fille 3 à 23 mois/Les Produits/Pantalons, Salopettes, Caleçons
CALECON;DPAM;F;Fille 3 - 14 ans/Les Produits/Caleçons, leggings
CALECON;DPAM;G;
CALECON;DPAM;M;Fille 3 - 14 ans/Les Produits/Caleçons, leggings
CALECON SOUS-VETEMENT;BEBE;F;
CALECON SOUS-VETEMENT;BEBE;G;
CALECON SOUS-VETEMENT;BEBE;M;
CALECON SOUS-VETEMENT;DPAM;F;
CALECON SOUS-VETEMENT;DPAM;G;Garçon 3 - 14 ans/Les Produits/Sous-vêtements
CALECON SOUS-VETEMENT;DPAM;M;
CAPE DE BAIN;BEBE;F;La Naissance et tout autour/La Puériculture/Le Bain/Linge de toilette
CAPE DE BAIN;BEBE;G;La Naissance et tout autour/La Puériculture/Le Bain/Linge de toilette
CAPE DE BAIN;BEBE;M;La Naissance et tout autour/La Puériculture/Le Bain/Linge de toilette
CAPE DE BAIN;DPAM;F;La Naissance et tout autour/La Puériculture/Le Bain/Linge de toilette
CAPE DE BAIN;DPAM;G;La Naissance et tout autour/La Puériculture/Le Bain/Linge de toilette
CAPE DE BAIN;DPAM;M;La Naissance et tout autour/La Puériculture/Le Bain/Linge de toilette
CASQUETTE;BEBE;F;
CASQUETTE;BEBE;G;Bébé garçon 3 à 23 mois/Les Produits/Accessoires bébé garcon/Bobs, casquettes
CASQUETTE;BEBE;M;
CASQUETTE;DPAM;F;
CASQUETTE;DPAM;G;Garçon 3 - 14 ans/Les Produits/Accessoires garcon/Bobs, casquettes
CASQUETTE;DPAM;M;
CEINTURE;BEBE;F;
CEINTURE;BEBE;G;
CEINTURE;BEBE;M;
CEINTURE;DPAM;F;Fille 3 - 14 ans/Les Produits/Accessoires fille/Ceintures
CEINTURE;DPAM;G;Garçon 3 - 14 ans/Les Produits/Accessoires garcon/Ceintures
CEINTURE;DPAM;M;"Fille 3 - 14 ans/Les Produits/Accessoires fille/Ceintures;;Fille 3 - 14 ans/Les Produits/Accessoires fille/Ceintures"
CHAISE;BEBE;F;La Naissance et tout autour/La Puériculture/Les Repas/Chaises hautes, assises
CHAISE;BEBE;G;La Naissance et tout autour/La Puériculture/Les Repas/Chaises hautes, assises
CHAISE;BEBE;M;La Naissance et tout autour/La Puériculture/Les Repas/Chaises hautes, assises
CHAISE;DPAM;F;La Naissance et tout autour/La Puériculture/Les Repas/Chaises hautes, assises
CHAISE;DPAM;G;La Naissance et tout autour/La Puériculture/Les Repas/Chaises hautes, assises
CHAISE;DPAM;M;La Naissance et tout autour/La Puériculture/Les Repas/Chaises hautes, assises
CHANCELIERE;BEBE;F;La Naissance et tout autour/La Puériculture/La Promenade/Chancelières, nids d?ange
CHANCELIERE;BEBE;G;La Naissance et tout autour/La Puériculture/La Promenade/Chancelières, nids d?ange
CHANCELIERE;BEBE;M;La Naissance et tout autour/La Puériculture/La Promenade/Chancelières, nids d?ange
CHANCELIERE;DPAM;F;La Naissance et tout autour/La Puériculture/La Promenade/Chancelières, nids d?ange
CHANCELIERE;DPAM;G;La Naissance et tout autour/La Puériculture/La Promenade/Chancelières, nids d?ange
CHANCELIERE;DPAM;M;La Naissance et tout autour/La Puériculture/La Promenade/Chancelières, nids d?ange
CHAPEAU;BEBE;F;Bébé Fille 3 à 23 mois/Les Produits/Accessoires bébé fille/Chapeaux, bobs
CHAPEAU;BEBE;G;
CHAPEAU;BEBE;M;Bébé Fille 3 à 23 mois/Les Produits/Accessoires bébé fille/Chapeaux, bobs
CHAPEAU;DPAM;F;Fille 3 - 14 ans/Les Produits/Accessoires fille/Chapeaux
CHAPEAU;DPAM;G;
CHAPEAU;DPAM;M;Fille 3 - 14 ans/Les Produits/Accessoires fille/Chapeaux
CHAPKA;BEBE;F;Bébé Fille 3 à 23 mois/Les Produits/Accessoires bébé fille/Bonnets, écharpes, gants
CHAPKA;BEBE;G;Bébé garçon 3 à 23 mois/Les Produits/Accessoires bébé garcon/Bonnets, écharpes, gants
CHAPKA;BEBE;M;"Bébé Fille 3 à 23 mois/Les Produits/Accessoires bébé fille/Bonnets, écharpes, gants;;Bébé Fille 3 à 23 mois/Les Produits/Accessoires bébé fille/Bonnets, écharpes, gants"
CHAPKA;DPAM;F;Fille 3 - 14 ans/Les Produits/Accessoires fille/Bonnets, écharpes, gants
CHAPKA;DPAM;G;Garçon 3 - 14 ans/Les Produits/Accessoires garcon/Bonnets, écharpes, gants
CHAPKA;DPAM;M;"Fille 3 - 14 ans/Les Produits/Accessoires fille/Bonnets, écharpes, gants;;Fille 3 - 14 ans/Les Produits/Accessoires fille/Bonnets, écharpes, gants"
CHAUFFE-BIBERONS;BEBE;F;La Naissance et tout autour/La Puériculture/Les Repas/Biberonnerie
CHAUFFE-BIBERONS;BEBE;G;La Naissance et tout autour/La Puériculture/Les Repas/Biberonnerie
CHAUFFE-BIBERONS;BEBE;M;La Naissance et tout autour/La Puériculture/Les Repas/Biberonnerie
CHAUFFE-BIBERONS;DPAM;F;La Naissance et tout autour/La Puériculture/Les Repas/Biberonnerie
CHAUFFE-BIBERONS;DPAM;G;La Naissance et tout autour/La Puériculture/Les Repas/Biberonnerie
CHAUFFE-BIBERONS;DPAM;M;La Naissance et tout autour/La Puériculture/Les Repas/Biberonnerie
CHAUSSETTES;BEBE;F;"Bébé Fille 3 à 23 mois/Les Produits/Chaussettes, collants/Chaussettes;;Chaussures enfants/Fille/Chaussettes, collants"
CHAUSSETTES;BEBE;G;"Bébé garçon 3 à 23 mois/Les Produits/Chaussettes;;Chaussures enfants/Garcon/Chaussettes, collants"
CHAUSSETTES;BEBE;M;"Bébé Fille 3 à 23 mois/Les Produits/Chaussettes, collants/Chaussettes;;Bébé Fille 3 à 23 mois/Les Produits/Chaussettes, collants/Chaussettes;;Chaussures enfants/Fille/Chaussettes, collants;;Chaussures enfants/Garcon/Chaussettes, collants"
CHAUSSETTES;DPAM;F;"Fille 3 - 14 ans/Les Produits/Chaussettes, collants/Chaussettes;;Chaussures enfants/Fille/Chaussettes, collants"
CHAUSSETTES;DPAM;G;"Garçon 3 - 14 ans/Les Produits/Chaussettes;;Chaussures enfants/Garcon/Chaussettes, collants"
CHAUSSETTES;DPAM;M;"Fille 3 - 14 ans/Les Produits/Chaussettes, collants/Chaussettes;;Fille 3 - 14 ans/Les Produits/Chaussettes, collants/Chaussettes;;Chaussures enfants/Fille/Chaussettes, collants;;Chaussures enfants/Garcon/Chaussettes, collants"
CHAUSSON/CHO7;BEBE;F;"Bébé Fille 3 à 23 mois/Les Produits/Chaussettes, collants/Chaussettes;;Chaussures enfants/Fille/Chaussons enfant"
CHAUSSON/CHO7;BEBE;G;"Bébé garçon 3 à 23 mois/Les Produits/Chaussettes;;Chaussures enfants/Garcon/Chaussons enfant"
CHAUSSON/CHO7;BEBE;M;"Bébé Fille 3 à 23 mois/Les Produits/Chaussettes, collants/Chaussettes;;Bébé Fille 3 à 23 mois/Les Produits/Chaussettes, collants/Chaussettes;;Chaussures enfants/Fille/Chaussons enfant;;Chaussures enfants/Garcon/Chaussons enfant"
CHAUSSON/CHO7;DPAM;F;"Fille 3 - 14 ans/Les Produits/Chaussettes, collants/Chaussettes;;Chaussures enfants/Fille/Chaussons enfant"
CHAUSSON/CHO7;DPAM;G;"Garçon 3 - 14 ans/Les Produits/Chaussettes;;Chaussures enfants/Garcon/Chaussons enfant"
CHAUSSON/CHO7;DPAM;M;"Fille 3 - 14 ans/Les Produits/Chaussettes, collants/Chaussettes;;Fille 3 - 14 ans/Les Produits/Chaussettes, collants/Chaussettes;;Chaussures enfants/Fille/Chaussons enfant;;Chaussures enfants/Garcon/Chaussons enfant"
CHAUSSONS;BEBE;F;Chaussures enfants/Fille/Chaussons enfant
CHAUSSONS;BEBE;G;Chaussures enfants/Garcon/Chaussons enfant
CHAUSSONS;BEBE;M;"Chaussures enfants/Fille/Chaussons enfant;;Chaussures enfants/Garcon/Chaussons enfant"
CHAUSSONS;DPAM;F;Chaussures enfants/Fille/Chaussons enfant
CHAUSSONS;DPAM;G;Chaussures enfants/Garcon/Chaussons enfant
CHAUSSONS;DPAM;M;"Chaussures enfants/Fille/Chaussons enfant;;Chaussures enfants/Garcon/Chaussons enfant"
CHEMISE;BEBE;F;
CHEMISE;BEBE;G;Bébé garçon 3 à 23 mois/Les Produits/Chemises
CHEMISE;BEBE;M;
CHEMISE;DPAM;F;
CHEMISE;DPAM;G;Garçon 3 - 14 ans/Les Produits/Chemises
CHEMISE;DPAM;M;
CHEMISE DE NUIT;BEBE;F;
CHEMISE DE NUIT;BEBE;G;
CHEMISE DE NUIT;BEBE;M;
CHEMISE DE NUIT;DPAM;F;Fille 3 - 14 ans/Les Produits/Pyjamas/Chemises de nuit
CHEMISE DE NUIT;DPAM;G;
CHEMISE DE NUIT;DPAM;M;Fille 3 - 14 ans/Les Produits/Pyjamas/Chemises de nuit
CHEMISIER;BEBE;F;Bébé Fille 3 à 23 mois/Les Produits/Chemisiers, blouses
CHEMISIER;BEBE;G;
CHEMISIER;BEBE;M;Bébé Fille 3 à 23 mois/Les Produits/Chemisiers, blouses
CHEMISIER;DPAM;F;Fille 3 - 14 ans/Les Produits/Chemisiers, blouses
CHEMISIER;DPAM;G;
CHEMISIER;DPAM;M;Fille 3 - 14 ans/Les Produits/Chemisiers, blouses
CHOU-CHOU;BEBE;F;
CHOU-CHOU;BEBE;G;
CHOU-CHOU;BEBE;M;
CHOU-CHOU;DPAM;F;Fille 3 - 14 ans/Les Produits/Accessoires fille/Accessoires cheveux
CHOU-CHOU;DPAM;G;
CHOU-CHOU;DPAM;M;Fille 3 - 14 ans/Les Produits/Accessoires fille/Accessoires cheveux
COLLANT;BEBE;F;"Bébé Fille 3 à 23 mois/Les Produits/Chaussettes, collants;;Chaussures enfants/Fille/Chaussettes, collants"
COLLANT;BEBE;G;Chaussures enfants/Garcon/Chaussettes, collants
COLLANT;BEBE;M;"Bébé Fille 3 à 23 mois/Les Produits/Chaussettes, collants;;Chaussures enfants/Fille/Chaussettes, collants;;Chaussures enfants/Garcon/Chaussettes, collants"
COLLANT;DPAM;F;"Fille 3 - 14 ans/Les Produits/Chaussettes, collants;;Chaussures enfants/Fille/Chaussettes, collants"
COLLANT;DPAM;G;Chaussures enfants/Garcon/Chaussettes, collants
COLLANT;DPAM;M;"Fille 3 - 14 ans/Les Produits/Chaussettes, collants;;Chaussures enfants/Fille/Chaussettes, collants;;Chaussures enfants/Garcon/Chaussettes, collants"
COLLIER;BEBE;F;
COLLIER;BEBE;G;
COLLIER;BEBE;M;
COLLIER;DPAM;F;Fille 3 - 14 ans/Les Produits/Accessoires fille/Bijoux
COLLIER;DPAM;G;
COLLIER;DPAM;M;Fille 3 - 14 ans/Les Produits/Accessoires fille/Bijoux
COMBINAISON;BEBE;F;Bébé Fille 3 à 23 mois/Les Produits/Combinaisons, Ensembles, Joggings
COMBINAISON;BEBE;G;Bébé garçon 3 à 23 mois/Les Produits/Combinaisons, Ensembles, Joggings
COMBINAISON;BEBE;M;"Bébé Fille 3 à 23 mois/Les Produits/Combinaisons, Ensembles, Joggings;;Bébé Fille 3 à 23 mois/Les Produits/Combinaisons, Ensembles, Joggings"
COMBINAISON;DPAM;F;
COMBINAISON;DPAM;G;
COMBINAISON;DPAM;M;
COMBINAISON DE SKI;BEBE;F;
COMBINAISON DE SKI;BEBE;G;
COMBINAISON DE SKI;BEBE;M;
COMBINAISON DE SKI;DPAM;F;Fille 3 - 14 ans/Les Produits/Manteaux et blousons/Doudounes, ski
COMBINAISON DE SKI;DPAM;G;Garçon 3 - 14 ans/Les Produits/Manteaux et blousons/Doudounes, ski
COMBINAISON DE SKI;DPAM;M;"Fille 3 - 14 ans/Les Produits/Manteaux et blousons/Doudounes, ski;;Fille 3 - 14 ans/Les Produits/Manteaux et blousons/Doudounes, ski"
COMBINAISON PILOTE;BEBE;F;Bébé Fille 3 à 23 mois/Les Produits/Manteaux, blousons/Manteaux, doudounes, pilotes
COMBINAISON PILOTE;BEBE;G;Bébé garçon 3 à 23 mois/Les Produits/Manteaux, blousons/Manteaux, doudounes, pilotes
COMBINAISON PILOTE;BEBE;M;"Bébé Fille 3 à 23 mois/Les Produits/Manteaux, blousons/Manteaux, doudounes, pilotes;;Bébé Fille 3 à 23 mois/Les Produits/Manteaux, blousons/Manteaux, doudounes, pilotes"
COMBINAISON PILOTE;DPAM;F;
COMBINAISON PILOTE;DPAM;G;
COMBINAISON PILOTE;DPAM;M;
CORBEILLE;BEBE;F;La Naissance et tout autour/La Puériculture/Le Bain/Vanitys et trousses
CORBEILLE;BEBE;G;La Naissance et tout autour/La Puériculture/Le Bain/Vanitys et trousses
CORBEILLE;BEBE;M;La Naissance et tout autour/La Puériculture/Le Bain/Vanitys et trousses
CORBEILLE;DPAM;F;La Naissance et tout autour/La Puériculture/Le Bain/Vanitys et trousses
CORBEILLE;DPAM;G;La Naissance et tout autour/La Puériculture/Le Bain/Vanitys et trousses
CORBEILLE;DPAM;M;La Naissance et tout autour/La Puériculture/Le Bain/Vanitys et trousses
CORDON A LUNETTES;BEBE;F;Bébé Fille 3 à 23 mois/Les Produits/Accessoires bébé fille/Lunettes de soleil
CORDON A LUNETTES;BEBE;G;Bébé garçon 3 à 23 mois/Les Produits/Accessoires bébé garcon/Lunettes de soleil
CORDON A LUNETTES;BEBE;M;"Bébé Fille 3 à 23 mois/Les Produits/Accessoires bébé fille/Lunettes de soleil;;Bébé Fille 3 à 23 mois/Les Produits/Accessoires bébé fille/Lunettes de soleil"
CORDON A LUNETTES;DPAM;F;Fille 3 - 14 ans/Les Produits/Accessoires fille/Lunettes de soleil
CORDON A LUNETTES;DPAM;G;Garçon 3 - 14 ans/Les Produits/Accessoires garcon/Lunettes de soleil
CORDON A LUNETTES;DPAM;M;"Fille 3 - 14 ans/Les Produits/Accessoires fille/Lunettes de soleil;;Fille 3 - 14 ans/Les Produits/Accessoires fille/Lunettes de soleil"
COUPE-VENT;BEBE;F;
COUPE-VENT;BEBE;G;
COUPE-VENT;BEBE;M;
COUPE-VENT;DPAM;F;Fille 3 - 14 ans/Les Produits/Manteaux et blousons/Imperméables, parkas
COUPE-VENT;DPAM;G;Garçon 3 - 14 ans/Les Produits/Manteaux et blousons/Imperméables, parkas
COUPE-VENT;DPAM;M;"Fille 3 - 14 ans/Les Produits/Manteaux et blousons/Imperméables, parkas;;Fille 3 - 14 ans/Les Produits/Manteaux et blousons/Imperméables, parkas"
COUVERTURE;BEBE;F;La Naissance et tout autour/La Puériculture/Le Sommeil/Linge de lit
COUVERTURE;BEBE;G;La Naissance et tout autour/La Puériculture/Le Sommeil/Linge de lit
COUVERTURE;BEBE;M;La Naissance et tout autour/La Puériculture/Le Sommeil/Linge de lit
COUVERTURE;DPAM;F;La Naissance et tout autour/La Puériculture/Le Sommeil/Linge de lit
COUVERTURE;DPAM;G;La Naissance et tout autour/La Puériculture/Le Sommeil/Linge de lit
COUVERTURE;DPAM;M;La Naissance et tout autour/La Puériculture/Le Sommeil/Linge de lit
CUILLERE;BEBE;F;La Naissance et tout autour/La Puériculture/Les Repas/Accessoires repas
CUILLERE;BEBE;G;La Naissance et tout autour/La Puériculture/Les Repas/Accessoires repas
CUILLERE;BEBE;M;La Naissance et tout autour/La Puériculture/Les Repas/Accessoires repas
CUILLERE;DPAM;F;La Naissance et tout autour/La Puériculture/Les Repas/Accessoires repas
CUILLERE;DPAM;G;La Naissance et tout autour/La Puériculture/Les Repas/Accessoires repas
CUILLERE;DPAM;M;La Naissance et tout autour/La Puériculture/Les Repas/Accessoires repas
CULOTTE DE BAIN;BEBE;F;Bébé Fille 3 à 23 mois/Les Produits/La Plage
CULOTTE DE BAIN;BEBE;G;
CULOTTE DE BAIN;BEBE;M;Bébé Fille 3 à 23 mois/Les Produits/La Plage
CULOTTE DE BAIN;DPAM;F;Fille 3 - 14 ans/Les Produits/La Plage
CULOTTE DE BAIN;DPAM;G;
CULOTTE DE BAIN;DPAM;M;Fille 3 - 14 ans/Les Produits/La Plage
DEBARDEUR;BEBE;F;Bébé Fille 3 à 23 mois/Les Produits/T-shirts, débardeurs
DEBARDEUR;BEBE;G;Bébé garçon 3 à 23 mois/Les Produits/T-shirts, débardeurs
DEBARDEUR;BEBE;M;"Bébé Fille 3 à 23 mois/Les Produits/T-shirts, débardeurs;;Bébé Fille 3 à 23 mois/Les Produits/T-shirts, débardeurs"
DEBARDEUR;DPAM;F;Fille 3 - 14 ans/Les Produits/T-shirts, débardeurs
DEBARDEUR;DPAM;G;Garçon 3 - 14 ans/Les Produits/T-shirts, débardeurs
DEBARDEUR;DPAM;M;"Fille 3 - 14 ans/Les Produits/T-shirts, débardeurs;;Fille 3 - 14 ans/Les Produits/T-shirts, débardeurs"
DEGUISEMENT;BEBE;F;
DEGUISEMENT;BEBE;G;
DEGUISEMENT;BEBE;M;
DEGUISEMENT;DPAM;F;Fille 3 - 14 ans/Les Produits/Accessoires fille/Autres
DEGUISEMENT;DPAM;G;Garçon 3 - 14 ans/Les Produits/Accessoires garcon/Autres
DEGUISEMENT;DPAM;M;"Fille 3 - 14 ans/Les Produits/Accessoires fille/Autres;;Fille 3 - 14 ans/Les Produits/Accessoires fille/Autres"
DORS-BIEN;BEBE;F;"La Naissance et tout autour/Vêtements Naissance/Pyjamas, dors-bien;;Bébé Fille 3 à 23 mois/Les Produits/Pyjamas, dors-bien"
DORS-BIEN;BEBE;G;"La Naissance et tout autour/Vêtements Naissance/Pyjamas, dors-bien;;Bébé garçon 3 à 23 mois/Les Produits/Pyjamas, dors-bien"
DORS-BIEN;BEBE;M;"La Naissance et tout autour/Vêtements Naissance/Pyjamas, dors-bien;;Bébé Fille 3 à 23 mois/Les Produits/Pyjamas, dors-bien;;Bébé Fille 3 à 23 mois/Les Produits/Pyjamas, dors-bien"
DORS-BIEN;DPAM;F;La Naissance et tout autour/Vêtements Naissance/Pyjamas, dors-bien
DORS-BIEN;DPAM;G;La Naissance et tout autour/Vêtements Naissance/Pyjamas, dors-bien
DORS-BIEN;DPAM;M;La Naissance et tout autour/Vêtements Naissance/Pyjamas, dors-bien
DOUDOU;BEBE;F;La Naissance et tout autour/La Puériculture/Doudous et Jouets/Doudous et peluches
DOUDOU;BEBE;G;La Naissance et tout autour/La Puériculture/Doudous et Jouets/Doudous et peluches
DOUDOU;BEBE;M;La Naissance et tout autour/La Puériculture/Doudous et Jouets/Doudous et peluches
DOUDOU;DPAM;F;La Naissance et tout autour/La Puériculture/Doudous et Jouets/Doudous et peluches
DOUDOU;DPAM;G;La Naissance et tout autour/La Puériculture/Doudous et Jouets/Doudous et peluches
DOUDOU;DPAM;M;La Naissance et tout autour/La Puériculture/Doudous et Jouets/Doudous et peluches
DOUDOUNE;BEBE;F;
DOUDOUNE;BEBE;G;
DOUDOUNE;BEBE;M;
DOUDOUNE;DPAM;F;Fille 3 - 14 ans/Les Produits/Manteaux et blousons/Doudounes, ski
DOUDOUNE;DPAM;G;Garçon 3 - 14 ans/Les Produits/Manteaux et blousons/Doudounes, ski
DOUDOUNE;DPAM;M;"Fille 3 - 14 ans/Les Produits/Manteaux et blousons/Doudounes, ski;;Fille 3 - 14 ans/Les Produits/Manteaux et blousons/Doudounes, ski"
DRAP;BEBE;F;La Naissance et tout autour/La Puériculture/Le Sommeil/Linge de lit
DRAP;BEBE;G;La Naissance et tout autour/La Puériculture/Le Sommeil/Linge de lit
DRAP;BEBE;M;La Naissance et tout autour/La Puériculture/Le Sommeil/Linge de lit
DRAP;DPAM;F;La Naissance et tout autour/La Puériculture/Le Sommeil/Linge de lit
DRAP;DPAM;G;La Naissance et tout autour/La Puériculture/Le Sommeil/Linge de lit
DRAP;DPAM;M;La Naissance et tout autour/La Puériculture/Le Sommeil/Linge de lit
DRAP DE BAIN;BEBE;F;La Naissance et tout autour/La Puériculture/Le Bain/Linge de toilette
DRAP DE BAIN;BEBE;G;La Naissance et tout autour/La Puériculture/Le Bain/Linge de toilette
DRAP DE BAIN;BEBE;M;La Naissance et tout autour/La Puériculture/Le Bain/Linge de toilette
DRAP DE BAIN;DPAM;F;La Naissance et tout autour/La Puériculture/Le Bain/Linge de toilette
DRAP DE BAIN;DPAM;G;La Naissance et tout autour/La Puériculture/Le Bain/Linge de toilette
DRAP DE BAIN;DPAM;M;La Naissance et tout autour/La Puériculture/Le Bain/Linge de toilette
ECHARPE;BEBE;F;Bébé Fille 3 à 23 mois/Les Produits/Accessoires bébé fille/Bonnets, écharpes, gants
ECHARPE;BEBE;G;Bébé garçon 3 à 23 mois/Les Produits/Accessoires bébé garcon/Bonnets, écharpes, gants
ECHARPE;BEBE;M;"Bébé Fille 3 à 23 mois/Les Produits/Accessoires bébé fille/Bonnets, écharpes, gants;;Bébé Fille 3 à 23 mois/Les Produits/Accessoires bébé fille/Bonnets, écharpes, gants"
ECHARPE;DPAM;F;Fille 3 - 14 ans/Les Produits/Accessoires fille/Bonnets, écharpes, gants
ECHARPE;DPAM;G;Garçon 3 - 14 ans/Les Produits/Accessoires garcon/Bonnets, écharpes, gants
ECHARPE;DPAM;M;"Fille 3 - 14 ans/Les Produits/Accessoires fille/Bonnets, écharpes, gants;;Fille 3 - 14 ans/Les Produits/Accessoires fille/Bonnets, écharpes, gants"
EDREDON;BEBE;F;La Naissance et tout autour/La Puériculture/Le Sommeil/Linge de lit
EDREDON;BEBE;G;La Naissance et tout autour/La Puériculture/Le Sommeil/Linge de lit
EDREDON;BEBE;M;La Naissance et tout autour/La Puériculture/Le Sommeil/Linge de lit
EDREDON;DPAM;F;La Naissance et tout autour/La Puériculture/Le Sommeil/Linge de lit
EDREDON;DPAM;G;La Naissance et tout autour/La Puériculture/Le Sommeil/Linge de lit
EDREDON;DPAM;M;La Naissance et tout autour/La Puériculture/Le Sommeil/Linge de lit
ENSEMBLE;BEBE;F;Bébé Fille 3 à 23 mois/Les Produits/Combinaisons, Ensembles, Joggings
ENSEMBLE;BEBE;G;Bébé garçon 3 à 23 mois/Les Produits/Combinaisons, Ensembles, Joggings
ENSEMBLE;BEBE;M;"Bébé Fille 3 à 23 mois/Les Produits/Combinaisons, Ensembles, Joggings;;Bébé Fille 3 à 23 mois/Les Produits/Combinaisons, Ensembles, Joggings"
ENSEMBLE;DPAM;F;Fille 3 - 14 ans/Les Produits/Ensembles, Combinaisons, Jogging
ENSEMBLE;DPAM;G;Garçon 3 - 14 ans/Les Produits/Ensembles, Jogging
ENSEMBLE;DPAM;M;"Fille 3 - 14 ans/Les Produits/Ensembles, Combinaisons, Jogging;;Fille 3 - 14 ans/Les Produits/Ensembles, Combinaisons, Jogging"
ENSEMBLE DE PLAGE;BEBE;F;Bébé Fille 3 à 23 mois/Les Produits/La Plage
ENSEMBLE DE PLAGE;BEBE;G;
ENSEMBLE DE PLAGE;BEBE;M;Bébé Fille 3 à 23 mois/Les Produits/La Plage
ENSEMBLE DE PLAGE;DPAM;F;Fille 3 - 14 ans/Les Produits/La Plage
ENSEMBLE DE PLAGE;DPAM;G;
ENSEMBLE DE PLAGE;DPAM;M;Fille 3 - 14 ans/Les Produits/La Plage
ENSEMBLE SOUS VETEMENT;BEBE;F;
ENSEMBLE SOUS VETEMENT;BEBE;G;
ENSEMBLE SOUS VETEMENT;BEBE;M;
ENSEMBLE SOUS VETEMENT;DPAM;F;Fille 3 - 14 ans/Les Produits/Sous-vêtements
ENSEMBLE SOUS VETEMENT;DPAM;G;Garçon 3 - 14 ans/Les Produits/Sous-vêtements
ENSEMBLE SOUS VETEMENT;DPAM;M;"Fille 3 - 14 ans/Les Produits/Sous-vêtements;;Fille 3 - 14 ans/Les Produits/Sous-vêtements"
ENTOURAGE DE LIT;BEBE;F;La Naissance et tout autour/La Puériculture/Le Sommeil/Linge de lit
ENTOURAGE DE LIT;BEBE;G;La Naissance et tout autour/La Puériculture/Le Sommeil/Linge de lit
ENTOURAGE DE LIT;BEBE;M;La Naissance et tout autour/La Puériculture/Le Sommeil/Linge de lit
ENTOURAGE DE LIT;DPAM;F;La Naissance et tout autour/La Puériculture/Le Sommeil/Linge de lit
ENTOURAGE DE LIT;DPAM;G;La Naissance et tout autour/La Puériculture/Le Sommeil/Linge de lit
ENTOURAGE DE LIT;DPAM;M;La Naissance et tout autour/La Puériculture/Le Sommeil/Linge de lit
ETUI A LUNETTES;BEBE;F;Bébé Fille 3 à 23 mois/Les Produits/Accessoires bébé fille/Lunettes de soleil
ETUI A LUNETTES;BEBE;G;Bébé garçon 3 à 23 mois/Les Produits/Accessoires bébé garcon/Lunettes de soleil
ETUI A LUNETTES;BEBE;M;"Bébé Fille 3 à 23 mois/Les Produits/Accessoires bébé fille/Lunettes de soleil;;Bébé Fille 3 à 23 mois/Les Produits/Accessoires bébé fille/Lunettes de soleil"
ETUI A LUNETTES;DPAM;F;Fille 3 - 14 ans/Les Produits/Accessoires fille/Lunettes de soleil
ETUI A LUNETTES;DPAM;G;Garçon 3 - 14 ans/Les Produits/Accessoires garcon/Lunettes de soleil
ETUI A LUNETTES;DPAM;M;"Fille 3 - 14 ans/Les Produits/Accessoires fille/Lunettes de soleil;;Fille 3 - 14 ans/Les Produits/Accessoires fille/Lunettes de soleil"
FOULARD;BEBE;F;
FOULARD;BEBE;G;
FOULARD;BEBE;M;
FOULARD;DPAM;F;Fille 3 - 14 ans/Les Produits/Accessoires fille/Foulards
FOULARD;DPAM;G;
FOULARD;DPAM;M;Fille 3 - 14 ans/Les Produits/Accessoires fille/Foulards
GANT DE TOILETTE;BEBE;F;La Naissance et tout autour/La Puériculture/Le Bain/Linge de toilette
GANT DE TOILETTE;BEBE;G;La Naissance et tout autour/La Puériculture/Le Bain/Linge de toilette
GANT DE TOILETTE;BEBE;M;La Naissance et tout autour/La Puériculture/Le Bain/Linge de toilette
GANT DE TOILETTE;DPAM;F;La Naissance et tout autour/La Puériculture/Le Bain/Linge de toilette
GANT DE TOILETTE;DPAM;G;La Naissance et tout autour/La Puériculture/Le Bain/Linge de toilette
GANT DE TOILETTE;DPAM;M;La Naissance et tout autour/La Puériculture/Le Bain/Linge de toilette
GANTS;BEBE;F;Bébé Fille 3 à 23 mois/Les Produits/Accessoires bébé fille/Bonnets, écharpes, gants
GANTS;BEBE;G;Bébé garçon 3 à 23 mois/Les Produits/Accessoires bébé garcon/Bonnets, écharpes, gants
GANTS;BEBE;M;"Bébé Fille 3 à 23 mois/Les Produits/Accessoires bébé fille/Bonnets, écharpes, gants;;Bébé Fille 3 à 23 mois/Les Produits/Accessoires bébé fille/Bonnets, écharpes, gants"
GANTS;DPAM;F;Fille 3 - 14 ans/Les Produits/Accessoires fille/Bonnets, écharpes, gants
GANTS;DPAM;G;Garçon 3 - 14 ans/Les Produits/Accessoires garcon/Bonnets, écharpes, gants
GANTS;DPAM;M;"Fille 3 - 14 ans/Les Produits/Accessoires fille/Bonnets, écharpes, gants;;Fille 3 - 14 ans/Les Produits/Accessoires fille/Bonnets, écharpes, gants"
GIGOTEUSE;BEBE;F;La Naissance et tout autour/La Puériculture/Le Sommeil/Gigoteuses
GIGOTEUSE;BEBE;G;La Naissance et tout autour/La Puériculture/Le Sommeil/Gigoteuses
GIGOTEUSE;BEBE;M;La Naissance et tout autour/La Puériculture/Le Sommeil/Gigoteuses
GIGOTEUSE;DPAM;F;La Naissance et tout autour/La Puériculture/Le Sommeil/Gigoteuses
GIGOTEUSE;DPAM;G;La Naissance et tout autour/La Puériculture/Le Sommeil/Gigoteuses
GIGOTEUSE;DPAM;M;La Naissance et tout autour/La Puériculture/Le Sommeil/Gigoteuses
GILET;BEBE;F;Bébé Fille 3 à 23 mois/Les Produits/Sous-pulls, Pulls, Gilets
GILET;BEBE;G;Bébé garçon 3 à 23 mois/Les Produits/Sous-pulls, Pulls, Gilets, Sweats
GILET;BEBE;M;"Bébé Fille 3 à 23 mois/Les Produits/Sous-pulls, Pulls, Gilets;;Bébé Fille 3 à 23 mois/Les Produits/Sous-pulls, Pulls, Gilets"
GILET;DPAM;F;Fille 3 - 14 ans/Les Produits/Sous-pulls, Pulls, Gilets
GILET;DPAM;G;Garçon 3 - 14 ans/Les Produits/Sous-Pulls, Pulls, Gilets, Sweats
GILET;DPAM;M;"Fille 3 - 14 ans/Les Produits/Sous-pulls, Pulls, Gilets;;Fille 3 - 14 ans/Les Produits/Sous-pulls, Pulls, Gilets"
HABILLAGE PLUIE;BEBE;F;La Naissance et tout autour/La Puériculture/La Promenade/Accessoires poussette
HABILLAGE PLUIE;BEBE;G;La Naissance et tout autour/La Puériculture/La Promenade/Accessoires poussette
HABILLAGE PLUIE;BEBE;M;La Naissance et tout autour/La Puériculture/La Promenade/Accessoires poussette
HABILLAGE PLUIE;DPAM;F;La Naissance et tout autour/La Puériculture/La Promenade/Accessoires poussette
HABILLAGE PLUIE;DPAM;G;La Naissance et tout autour/La Puériculture/La Promenade/Accessoires poussette
HABILLAGE PLUIE;DPAM;M;La Naissance et tout autour/La Puériculture/La Promenade/Accessoires poussette
HOCHET;BEBE;F;La Naissance et tout autour/La Puériculture/Doudous et Jouets/Jouets musicaux et éveil
HOCHET;BEBE;G;La Naissance et tout autour/La Puériculture/Doudous et Jouets/Jouets musicaux et éveil
HOCHET;BEBE;M;La Naissance et tout autour/La Puériculture/Doudous et Jouets/Jouets musicaux et éveil
HOCHET;DPAM;F;La Naissance et tout autour/La Puériculture/Doudous et Jouets/Jouets musicaux et éveil
HOCHET;DPAM;G;La Naissance et tout autour/La Puériculture/Doudous et Jouets/Jouets musicaux et éveil
HOCHET;DPAM;M;La Naissance et tout autour/La Puériculture/Doudous et Jouets/Jouets musicaux et éveil
HOUSSE A LANGER;BEBE;F;La Naissance et tout autour/La Puériculture/Le Bain/Matelas à langer
HOUSSE A LANGER;BEBE;G;La Naissance et tout autour/La Puériculture/Le Bain/Matelas à langer
HOUSSE A LANGER;BEBE;M;La Naissance et tout autour/La Puériculture/Le Bain/Matelas à langer
HOUSSE A LANGER;DPAM;F;La Naissance et tout autour/La Puériculture/Le Bain/Matelas à langer
HOUSSE A LANGER;DPAM;G;La Naissance et tout autour/La Puériculture/Le Bain/Matelas à langer
HOUSSE A LANGER;DPAM;M;La Naissance et tout autour/La Puériculture/Le Bain/Matelas à langer
IMPERMEABLE;BEBE;F;Bébé Fille 3 à 23 mois/Les Produits/Manteaux, blousons/Imperméables, parkas, vestes
IMPERMEABLE;BEBE;G;Bébé garçon 3 à 23 mois/Les Produits/Manteaux, blousons/Imperméables, parkas, vestes
IMPERMEABLE;BEBE;M;"Bébé Fille 3 à 23 mois/Les Produits/Manteaux, blousons/Imperméables, parkas, vestes;;Bébé Fille 3 à 23 mois/Les Produits/Manteaux, blousons/Imperméables, parkas, vestes"
IMPERMEABLE;DPAM;F;Fille 3 - 14 ans/Les Produits/Manteaux, blousons/Imperméables, parkas, vestes
IMPERMEABLE;DPAM;G;Garçon 3 - 14 ans/Les Produits/Manteaux, blousons/Imperméables, parkas, vestes
IMPERMEABLE;DPAM;M;"Fille 3 - 14 ans/Les Produits/Manteaux, blousons/Imperméables, parkas, vestes;;Fille 3 - 14 ans/Les Produits/Manteaux, blousons/Imperméables, parkas, vestes"
JEAN'S;BEBE;F;Bébé Fille 3 à 23 mois/Les Produits/Pantalons, Salopettes, Caleçons
JEAN'S;BEBE;G;Bébé garçon 3 à 23 mois/Les Produits/Pantalons
JEAN'S;BEBE;M;"Bébé Fille 3 à 23 mois/Les Produits/Pantalons, Salopettes, Caleçons;;Bébé Fille 3 à 23 mois/Les Produits/Pantalons, Salopettes, Caleçons"
JEAN'S;DPAM;F;Fille 3 - 14 ans/Les Produits/Jeans
JEAN'S;DPAM;G;Garçon 3 - 14 ans/Les Produits/Jeans
JEAN'S;DPAM;M;"Fille 3 - 14 ans/Les Produits/Jeans;;Fille 3 - 14 ans/Les Produits/Jeans"
JEUX;BEBE;F;
JEUX;BEBE;G;
JEUX;BEBE;M;
JEUX;DPAM;F;
JEUX;DPAM;G;
JEUX;DPAM;M;
JOGGING;BEBE;F;Bébé Fille 3 à 23 mois/Les Produits/Combinaisons, Ensembles, Joggings
JOGGING;BEBE;G;Bébé garçon 3 à 23 mois/Les Produits/Combinaisons, Ensembles, Joggings
JOGGING;BEBE;M;"Bébé Fille 3 à 23 mois/Les Produits/Combinaisons, Ensembles, Joggings;;Bébé Fille 3 à 23 mois/Les Produits/Combinaisons, Ensembles, Joggings"
JOGGING;DPAM;F;Fille 3 - 14 ans/Les Produits/Ensembles, Combinaisons, Jogging
JOGGING;DPAM;G;Garçon 3 - 14 ans/Les Produits/Ensembles, Jogging
JOGGING;DPAM;M;"Fille 3 - 14 ans/Les Produits/Ensembles, Combinaisons, Jogging;;Fille 3 - 14 ans/Les Produits/Ensembles, Combinaisons, Jogging"
JOUET DIVERS;BEBE;F;La Naissance et tout autour/La Puériculture/Doudous et Jouets/Jouets musicaux et éveil
JOUET DIVERS;BEBE;G;La Naissance et tout autour/La Puériculture/Doudous et Jouets/Jouets musicaux et éveil
JOUET DIVERS;BEBE;M;La Naissance et tout autour/La Puériculture/Doudous et Jouets/Jouets musicaux et éveil
JOUET DIVERS;DPAM;F;La Naissance et tout autour/La Puériculture/Doudous et Jouets/Jouets musicaux et éveil
JOUET DIVERS;DPAM;G;La Naissance et tout autour/La Puériculture/Doudous et Jouets/Jouets musicaux et éveil
JOUET DIVERS;DPAM;M;La Naissance et tout autour/La Puériculture/Doudous et Jouets/Jouets musicaux et éveil
JUPE;BEBE;F;Bébé Fille 3 à 23 mois/Les Produits/Jupes, Shorts, Bloomers
JUPE;BEBE;G;
JUPE;BEBE;M;Bébé Fille 3 à 23 mois/Les Produits/Jupes, Shorts, Bloomers
JUPE;DPAM;F;Fille 3 - 14 ans/Les Produits/Jupes, Shorts, Corsaires
JUPE;DPAM;G;
JUPE;DPAM;M;Fille 3 - 14 ans/Les Produits/Jupes, Shorts, Corsaires
LANGE;BEBE;F;La Naissance et tout autour/La Puériculture/Les Repas/Bavoirs, langes
LANGE;BEBE;G;La Naissance et tout autour/La Puériculture/Les Repas/Bavoirs, langes
LANGE;BEBE;M;La Naissance et tout autour/La Puériculture/Les Repas/Bavoirs, langes
LANGE;DPAM;F;La Naissance et tout autour/La Puériculture/Les Repas/Bavoirs, langes
LANGE;DPAM;G;La Naissance et tout autour/La Puériculture/Les Repas/Bavoirs, langes
LANGE;DPAM;M;La Naissance et tout autour/La Puériculture/Les Repas/Bavoirs, langes
LIT D'APPOINT;BEBE;F;La Naissance et tout autour/La Puériculture/Le Sommeil/Lits parapluie, parcs
LIT D'APPOINT;BEBE;G;La Naissance et tout autour/La Puériculture/Le Sommeil/Lits parapluie, parcs
LIT D'APPOINT;BEBE;M;La Naissance et tout autour/La Puériculture/Le Sommeil/Lits parapluie, parcs
LIT D'APPOINT;DPAM;F;La Naissance et tout autour/La Puériculture/Le Sommeil/Lits parapluie, parcs
LIT D'APPOINT;DPAM;G;La Naissance et tout autour/La Puériculture/Le Sommeil/Lits parapluie, parcs
LIT D'APPOINT;DPAM;M;La Naissance et tout autour/La Puériculture/Le Sommeil/Lits parapluie, parcs
LIVRE;BEBE;F;
LIVRE;BEBE;G;
LIVRE;BEBE;M;
LIVRE;DPAM;F;
LIVRE;DPAM;G;
LIVRE;DPAM;M;
LOT DE CHAUSSETTES;BEBE;F;Bébé Fille 3 à 23 mois/Les Produits/Chaussettes, collants/Chaussettes
LOT DE CHAUSSETTES;BEBE;G;Bébé garçon 3 à 23 mois/Les Produits/Chaussettes
LOT DE CHAUSSETTES;BEBE;M;"Bébé Fille 3 à 23 mois/Les Produits/Chaussettes, collants/Chaussettes;;Bébé Fille 3 à 23 mois/Les Produits/Chaussettes, collants/Chaussettes"
LOT DE CHAUSSETTES;DPAM;F;Fille 3 - 14 ans/Les Produits/Chaussettes, collants/Chaussettes
LOT DE CHAUSSETTES;DPAM;G;Garçon 3 - 14 ans/Les Produits/Chaussettes
LOT DE CHAUSSETTES;DPAM;M;"Fille 3 - 14 ans/Les Produits/Chaussettes, collants/Chaussettes;;Fille 3 - 14 ans/Les Produits/Chaussettes, collants/Chaussettes"
LOT DE CULOTTES;BEBE;F;
LOT DE CULOTTES;BEBE;G;
LOT DE CULOTTES;BEBE;M;
LOT DE CULOTTES;DPAM;F;Fille 3 - 14 ans/Les Produits/Sous-vêtements/Culottes, shorties
LOT DE CULOTTES;DPAM;G;
LOT DE CULOTTES;DPAM;M;Fille 3 - 14 ans/Les Produits/Sous-vêtements/Culottes, shorties
LOT DE SHORTYS;BEBE;F;
LOT DE SHORTYS;BEBE;G;
LOT DE SHORTYS;BEBE;M;
LOT DE SHORTYS;DPAM;F;Fille 3 - 14 ans/Les Produits/Sous-vêtements/Culottes, shorties
LOT DE SHORTYS;DPAM;G;
LOT DE SHORTYS;DPAM;M;Fille 3 - 14 ans/Les Produits/Sous-vêtements/Culottes, shorties
LOT DE SLIPS;BEBE;F;
LOT DE SLIPS;BEBE;G;
LOT DE SLIPS;BEBE;M;
LOT DE SLIPS;DPAM;F;
LOT DE SLIPS;DPAM;G;Garçon 3 - 14 ans/Les Produits/Sous-vêtements/Boxers, slips
LOT DE SLIPS;DPAM;M;
LOT DE TSHIRTS;BEBE;F;
LOT DE TSHIRTS;BEBE;G;
LOT DE TSHIRTS;BEBE;M;
LOT DE TSHIRTS;DPAM;F;Fille 3 - 14 ans/Les Produits/Sous-vêtements/Tee-shirts, débardeurs
LOT DE TSHIRTS;DPAM;G;Garçon 3 - 14 ans/Les Produits/Sous-vêtements/Tee-shirts, débardeurs
LOT DE TSHIRTS;DPAM;M;"Fille 3 - 14 ans/Les Produits/Sous-vêtements/Tee-shirts, débardeurs;;Fille 3 - 14 ans/Les Produits/Sous-vêtements/Tee-shirts, débardeurs"
LOT DEBARDEURS;BEBE;F;
LOT DEBARDEURS;BEBE;G;
LOT DEBARDEURS;BEBE;M;
LOT DEBARDEURS;DPAM;F;Fille 3 - 14 ans/Les Produits/Sous-vêtements/Tee-shirts, débardeurs
LOT DEBARDEURS;DPAM;G;Garçon 3 - 14 ans/Les Produits/Sous-vêtements/Tee-shirts, débardeurs
LOT DEBARDEURS;DPAM;M;"Fille 3 - 14 ans/Les Produits/Sous-vêtements/Tee-shirts, débardeurs;;Fille 3 - 14 ans/Les Produits/Sous-vêtements/Tee-shirts, débardeurs"
LUNETTES DE SOLEIL;BEBE;F;Bébé Fille 3 à 23 mois/Les Produits/La Plage
LUNETTES DE SOLEIL;BEBE;G;Bébé garçon 3 à 23 mois/Les Produits/La Plage
LUNETTES DE SOLEIL;BEBE;M;"Bébé Fille 3 à 23 mois/Les Produits/La Plage;;Bébé Fille 3 à 23 mois/Les Produits/La Plage"
LUNETTES DE SOLEIL;DPAM;F;Fille 3 - 14 ans/Les Produits/La Plage
LUNETTES DE SOLEIL;DPAM;G;Garçon 3 - 14 ans/Les Produits/La Plage
LUNETTES DE SOLEIL;DPAM;M;"Fille 3 - 14 ans/Les Produits/La Plage;;Fille 3 - 14 ans/Les Produits/La Plage"
LUNETTES PISCINE;BEBE;F;Bébé Fille 3 à 23 mois/Les Produits/Accessoires bébé fille/Lunettes de soleil
LUNETTES PISCINE;BEBE;G;Bébé garçon 3 à 23 mois/Les Produits/Accessoires bébé garcon/Lunettes de soleil
LUNETTES PISCINE;BEBE;M;"Bébé Fille 3 à 23 mois/Les Produits/Accessoires bébé fille/Lunettes de soleil;;Bébé Fille 3 à 23 mois/Les Produits/Accessoires bébé fille/Lunettes de soleil"
LUNETTES PISCINE;DPAM;F;Fille 3 - 14 ans/Les Produits/Accessoires fille/Lunettes de soleil
LUNETTES PISCINE;DPAM;G;Garçon 3 - 14 ans/Les Produits/Accessoires garcon/Lunettes de soleil
LUNETTES PISCINE;DPAM;M;"Fille 3 - 14 ans/Les Produits/Accessoires fille/Lunettes de soleil;;Fille 3 - 14 ans/Les Produits/Accessoires fille/Lunettes de soleil"
MAILLOT DE BAIN;BEBE;F;Bébé Fille 3 à 23 mois/Les Produits/La Plage/Maillots de bain
MAILLOT DE BAIN;BEBE;G;Bébé garçon 3 à 23 mois/Les Produits/La Plage/Maillots de bain
MAILLOT DE BAIN;BEBE;M;"Bébé Fille 3 à 23 mois/Les Produits/La Plage/Maillots de bain;;Bébé Fille 3 à 23 mois/Les Produits/La Plage/Maillots de bain"
MAILLOT DE BAIN;DPAM;F;Fille 3 - 14 ans/Les Produits/La Plage/Maillots de bain
MAILLOT DE BAIN;DPAM;G;Garçon 3 - 14 ans/Les Produits/La Plage/Maillots de bain
MAILLOT DE BAIN;DPAM;M;"Fille 3 - 14 ans/Les Produits/La Plage/Maillots de bain;;Fille 3 - 14 ans/Les Produits/La Plage/Maillots de bain"
MANTEAU;BEBE;F;Bébé Fille 3 à 23 mois/Les Produits/Manteaux, blousons/Manteaux, doudounes, pilotes
MANTEAU;BEBE;G;Bébé garçon 3 à 23 mois/Les Produits/Manteaux, blousons/Manteaux, doudounes, pilotes
MANTEAU;BEBE;M;"Bébé Fille 3 à 23 mois/Les Produits/Manteaux, blousons/Manteaux, doudounes, pilotes;;Bébé Fille 3 à 23 mois/Les Produits/Manteaux, blousons/Manteaux, doudounes, pilotes"
MANTEAU;DPAM;F;Fille 3 - 14 ans/Les Produits/Manteaux et blousons/Manteaux
MANTEAU;DPAM;G;Garçon 3 - 14 ans/Les Produits/Manteaux et blousons/Manteaux, vestes, blousons
MANTEAU;DPAM;M;"Fille 3 - 14 ans/Les Produits/Manteaux et blousons/Manteaux;;Fille 3 - 14 ans/Les Produits/Manteaux et blousons/Manteaux"
MIXEUR;BEBE;F;La Naissance et tout autour/La Puériculture/Les Repas/Mixeurs, cuiseurs
MIXEUR;BEBE;G;La Naissance et tout autour/La Puériculture/Les Repas/Mixeurs, cuiseurs
MIXEUR;BEBE;M;La Naissance et tout autour/La Puériculture/Les Repas/Mixeurs, cuiseurs
MIXEUR;DPAM;F;La Naissance et tout autour/La Puériculture/Les Repas/Mixeurs, cuiseurs
MIXEUR;DPAM;G;La Naissance et tout autour/La Puériculture/Les Repas/Mixeurs, cuiseurs
MIXEUR;DPAM;M;La Naissance et tout autour/La Puériculture/Les Repas/Mixeurs, cuiseurs
MOBILE;BEBE;F;La Naissance et tout autour/La Puériculture/Doudous et Jouets/Bouliers, Mobiles
MOBILE;BEBE;G;La Naissance et tout autour/La Puériculture/Doudous et Jouets/Bouliers, Mobiles
MOBILE;BEBE;M;La Naissance et tout autour/La Puériculture/Doudous et Jouets/Bouliers, Mobiles
MOBILE;DPAM;F;La Naissance et tout autour/La Puériculture/Doudous et Jouets/Bouliers, Mobiles
MOBILE;DPAM;G;La Naissance et tout autour/La Puériculture/Doudous et Jouets/Bouliers, Mobiles
MOBILE;DPAM;M;La Naissance et tout autour/La Puériculture/Doudous et Jouets/Bouliers, Mobiles
MONTAGNE_BOTTE FOURREE;BEBE;F;Chaussures enfants/Fille/Après-Ski, Bottes Pluie
MONTAGNE_BOTTE FOURREE;BEBE;G;Chaussures enfants/Garcon/Après-Ski, Bottes Pluie
MONTAGNE_BOTTE FOURREE;BEBE;M;"Chaussures enfants/Fille/Après-Ski, Bottes Pluie;;Chaussures enfants/Garcon/Après-Ski, Bottes Pluie"
MONTAGNE_BOTTE FOURREE;DPAM;F;Chaussures enfants/Fille/Après-Ski, Bottes Pluie
MONTAGNE_BOTTE FOURREE;DPAM;G;Chaussures enfants/Garcon/Après-Ski, Bottes Pluie
MONTAGNE_BOTTE FOURREE;DPAM;M;"Chaussures enfants/Fille/Après-Ski, Bottes Pluie;;Chaussures enfants/Garcon/Après-Ski, Bottes Pluie"
MOUFLES;BEBE;F;Bébé Fille 3 à 23 mois/Les Produits/Accessoires bébé fille/Bonnets, écharpes, gants
MOUFLES;BEBE;G;Bébé garçon 3 à 23 mois/Les Produits/Accessoires bébé garcon/Bonnets, écharpes, gants
MOUFLES;BEBE;M;"Bébé Fille 3 à 23 mois/Les Produits/Accessoires bébé fille/Bonnets, écharpes, gants;;Bébé Fille 3 à 23 mois/Les Produits/Accessoires bébé fille/Bonnets, écharpes, gants"
MOUFLES;DPAM;F;Fille 3 - 14 ans/Les Produits/Accessoires fille/Bonnets, écharpes, gants
MOUFLES;DPAM;G;Garçon 3 - 14 ans/Les Produits/Accessoires garcon/Bonnets, écharpes, gants
MOUFLES;DPAM;M;"Fille 3 - 14 ans/Les Produits/Accessoires fille/Bonnets, écharpes, gants;;Fille 3 - 14 ans/Les Produits/Accessoires fille/Bonnets, écharpes, gants"
NID D'ANGE;BEBE;F;La Naissance et tout autour/La Puériculture/La Promenade/Chancelières, nids d?ange
NID D'ANGE;BEBE;G;La Naissance et tout autour/La Puériculture/La Promenade/Chancelières, nids d?ange
NID D'ANGE;BEBE;M;La Naissance et tout autour/La Puériculture/La Promenade/Chancelières, nids d?ange
NID D'ANGE;DPAM;F;La Naissance et tout autour/La Puériculture/La Promenade/Chancelières, nids d?ange
NID D'ANGE;DPAM;G;La Naissance et tout autour/La Puériculture/La Promenade/Chancelières, nids d?ange
NID D'ANGE;DPAM;M;La Naissance et tout autour/La Puériculture/La Promenade/Chancelières, nids d?ange
OMBRELLE;BEBE;F;La Naissance et tout autour/La Puériculture/La Promenade/Accessoires poussette
OMBRELLE;BEBE;G;La Naissance et tout autour/La Puériculture/La Promenade/Accessoires poussette
OMBRELLE;BEBE;M;La Naissance et tout autour/La Puériculture/La Promenade/Accessoires poussette
OMBRELLE;DPAM;F;La Naissance et tout autour/La Puériculture/La Promenade/Accessoires poussette
OMBRELLE;DPAM;G;La Naissance et tout autour/La Puériculture/La Promenade/Accessoires poussette
OMBRELLE;DPAM;M;La Naissance et tout autour/La Puériculture/La Promenade/Accessoires poussette
PANTALON;BEBE;F;Bébé Fille 3 à 23 mois/Les Produits/Pantalons, Salopettes, Caleçons
PANTALON;BEBE;G;Bébé garçon 3 à 23 mois/Les Produits/Pantalons
PANTALON;BEBE;M;"Bébé Fille 3 à 23 mois/Les Produits/Pantalons, Salopettes, Caleçons;;Bébé Fille 3 à 23 mois/Les Produits/Pantalons, Salopettes, Caleçons"
PANTALON;DPAM;F;Fille 3 - 14 ans/Les Produits/Pantalons, pantacourts
PANTALON;DPAM;G;Garçon 3 - 14 ans/Les Produits/Pantalons
PANTALON;DPAM;M;"Fille 3 - 14 ans/Les Produits/Pantalons, pantacourts;;Fille 3 - 14 ans/Les Produits/Pantalons, pantacourts"
PANTALON DE JOGGING;BEBE;F;Bébé Fille 3 à 23 mois/Les Produits/Combinaisons, Ensembles, Joggings
PANTALON DE JOGGING;BEBE;G;Bébé garçon 3 à 23 mois/Les Produits/Combinaisons, Ensembles, Joggings
PANTALON DE JOGGING;BEBE;M;"Bébé Fille 3 à 23 mois/Les Produits/Combinaisons, Ensembles, Joggings;;Bébé Fille 3 à 23 mois/Les Produits/Combinaisons, Ensembles, Joggings"
PANTALON DE JOGGING;DPAM;F;Fille 3 - 14 ans/Les Produits/Ensembles, Combinaisons, Jogging
PANTALON DE JOGGING;DPAM;G;Garçon 3 - 14 ans/Les Produits/Ensembles, Jogging
PANTALON DE JOGGING;DPAM;M;"Fille 3 - 14 ans/Les Produits/Ensembles, Combinaisons, Jogging;;Fille 3 - 14 ans/Les Produits/Ensembles, Combinaisons, Jogging"
PANTALON DE SKI;BEBE;F;
PANTALON DE SKI;BEBE;G;
PANTALON DE SKI;BEBE;M;
PANTALON DE SKI;DPAM;F;Fille 3 - 14 ans/Les Produits/Manteaux et blousons/Doudounes, ski
PANTALON DE SKI;DPAM;G;Garçon 3 - 14 ans/Les Produits/Manteaux et blousons/Doudounes, ski
PANTALON DE SKI;DPAM;M;"Fille 3 - 14 ans/Les Produits/Manteaux et blousons/Doudounes, ski;;Fille 3 - 14 ans/Les Produits/Manteaux et blousons/Doudounes, ski"
PANTOUFLE_BABIES;BEBE;F;Chaussures enfants/Fille/Chaussons enfant
PANTOUFLE_BABIES;BEBE;G;Chaussures enfants/Garcon/Chaussons enfant
PANTOUFLE_BABIES;BEBE;M;"Chaussures enfants/Fille/Chaussons enfant;;Chaussures enfants/Garcon/Chaussons enfant"
PANTOUFLE_BABIES;DPAM;F;Chaussures enfants/Fille/Chaussons enfant
PANTOUFLE_BABIES;DPAM;G;Chaussures enfants/Garcon/Chaussons enfant
PANTOUFLE_BABIES;DPAM;M;"Chaussures enfants/Fille/Chaussons enfant;;Chaussures enfants/Garcon/Chaussons enfant"
PANTOUFLE_BALLERINE;BEBE;F;Chaussures enfants/Fille/Chaussons enfant
PANTOUFLE_BALLERINE;BEBE;G;Chaussures enfants/Garcon/Chaussons enfant
PANTOUFLE_BALLERINE;BEBE;M;"Chaussures enfants/Fille/Chaussons enfant;;Chaussures enfants/Garcon/Chaussons enfant"
PANTOUFLE_BALLERINE;DPAM;F;Chaussures enfants/Fille/Chaussons enfant
PANTOUFLE_BALLERINE;DPAM;G;Chaussures enfants/Garcon/Chaussons enfant
PANTOUFLE_BALLERINE;DPAM;M;"Chaussures enfants/Fille/Chaussons enfant;;Chaussures enfants/Garcon/Chaussons enfant"
PANTOUFLE_BOTTILLON;BEBE;F;Chaussures enfants/Fille/Chaussons enfant
PANTOUFLE_BOTTILLON;BEBE;G;Chaussures enfants/Garcon/Chaussons enfant
PANTOUFLE_BOTTILLON;BEBE;M;"Chaussures enfants/Fille/Chaussons enfant;;Chaussures enfants/Garcon/Chaussons enfant"
PANTOUFLE_BOTTILLON;DPAM;F;Chaussures enfants/Fille/Chaussons enfant
PANTOUFLE_BOTTILLON;DPAM;G;Chaussures enfants/Garcon/Chaussons enfant
PANTOUFLE_BOTTILLON;DPAM;M;"Chaussures enfants/Fille/Chaussons enfant;;Chaussures enfants/Garcon/Chaussons enfant"
PANTOUFLE_CHAUSSON/CHO7;BEBE;F;Chaussures enfants/Fille/Chaussons enfant
PANTOUFLE_CHAUSSON/CHO7;BEBE;G;Chaussures enfants/Garcon/Chaussons enfant
PANTOUFLE_CHAUSSON/CHO7;BEBE;M;"Chaussures enfants/Fille/Chaussons enfant;;Chaussures enfants/Garcon/Chaussons enfant"
PANTOUFLE_CHAUSSON/CHO7;DPAM;F;Chaussures enfants/Fille/Chaussons enfant
PANTOUFLE_CHAUSSON/CHO7;DPAM;G;Chaussures enfants/Garcon/Chaussons enfant
PANTOUFLE_CHAUSSON/CHO7;DPAM;M;"Chaussures enfants/Fille/Chaussons enfant;;Chaussures enfants/Garcon/Chaussons enfant"
PANTOUFLE_LAYETTE;BEBE;F;Chaussures enfants/Fille/Chaussons enfant
PANTOUFLE_LAYETTE;BEBE;G;Chaussures enfants/Garcon/Chaussons enfant
PANTOUFLE_LAYETTE;BEBE;M;"Chaussures enfants/Fille/Chaussons enfant;;Chaussures enfants/Garcon/Chaussons enfant"
PANTOUFLE_LAYETTE;DPAM;F;Chaussures enfants/Fille/Chaussons enfant
PANTOUFLE_LAYETTE;DPAM;G;Chaussures enfants/Garcon/Chaussons enfant
PANTOUFLE_LAYETTE;DPAM;M;"Chaussures enfants/Fille/Chaussons enfant;;Chaussures enfants/Garcon/Chaussons enfant"
PANTOUFLE_MULE;BEBE;F;Chaussures enfants/Fille/Chaussons enfant
PANTOUFLE_MULE;BEBE;G;Chaussures enfants/Garcon/Chaussons enfant
PANTOUFLE_MULE;BEBE;M;"Chaussures enfants/Fille/Chaussons enfant;;Chaussures enfants/Garcon/Chaussons enfant"
PANTOUFLE_MULE;DPAM;F;Chaussures enfants/Fille/Chaussons enfant
PANTOUFLE_MULE;DPAM;G;Chaussures enfants/Garcon/Chaussons enfant
PANTOUFLE_MULE;DPAM;M;"Chaussures enfants/Fille/Chaussons enfant;;Chaussures enfants/Garcon/Chaussons enfant"
PANTOUFLE_SALOME;BEBE;F;Chaussures enfants/Fille/Chaussons enfant
PANTOUFLE_SALOME;BEBE;G;Chaussures enfants/Garcon/Chaussons enfant
PANTOUFLE_SALOME;BEBE;M;"Chaussures enfants/Fille/Chaussons enfant;;Chaussures enfants/Garcon/Chaussons enfant"
PANTOUFLE_SALOME;DPAM;F;Chaussures enfants/Fille/Chaussons enfant
PANTOUFLE_SALOME;DPAM;G;Chaussures enfants/Garcon/Chaussons enfant
PANTOUFLE_SALOME;DPAM;M;"Chaussures enfants/Fille/Chaussons enfant;;Chaussures enfants/Garcon/Chaussons enfant"
PANTOUFLE_SANS GENE;BEBE;F;Chaussures enfants/Fille/Chaussons enfant
PANTOUFLE_SANS GENE;BEBE;G;Chaussures enfants/Garcon/Chaussons enfant
PANTOUFLE_SANS GENE;BEBE;M;"Chaussures enfants/Fille/Chaussons enfant;;Chaussures enfants/Garcon/Chaussons enfant"
PANTOUFLE_SANS GENE;DPAM;F;Chaussures enfants/Fille/Chaussons enfant
PANTOUFLE_SANS GENE;DPAM;G;Chaussures enfants/Garcon/Chaussons enfant
PANTOUFLE_SANS GENE;DPAM;M;"Chaussures enfants/Fille/Chaussons enfant;;Chaussures enfants/Garcon/Chaussons enfant"
PARAPLUIE;BEBE;F;
PARAPLUIE;BEBE;G;
PARAPLUIE;BEBE;M;
PARAPLUIE;DPAM;F;Fille 3 - 14 ans/Les Produits/Accessoires fille/Autres
PARAPLUIE;DPAM;G;Garçon 3 - 14 ans/Les Produits/Accessoires garcon/Autres
PARAPLUIE;DPAM;M;"Fille 3 - 14 ans/Les Produits/Accessoires fille/Autres;;Fille 3 - 14 ans/Les Produits/Accessoires fille/Autres"
PARC;BEBE;F;La Naissance et tout autour/La Puériculture/Le Sommeil/Lits parapluie, parcs
PARC;BEBE;G;La Naissance et tout autour/La Puériculture/Le Sommeil/Lits parapluie, parcs
PARC;BEBE;M;La Naissance et tout autour/La Puériculture/Le Sommeil/Lits parapluie, parcs
PARC;DPAM;F;La Naissance et tout autour/La Puériculture/Le Sommeil/Lits parapluie, parcs
PARC;DPAM;G;La Naissance et tout autour/La Puériculture/Le Sommeil/Lits parapluie, parcs
PARC;DPAM;M;La Naissance et tout autour/La Puériculture/Le Sommeil/Lits parapluie, parcs
PARKA;BEBE;F;Bébé Fille 3 à 23 mois/Les Produits/Manteaux, blousons/Imperméables, parkas, vestes
PARKA;BEBE;G;Bébé garçon 3 à 23 mois/Les Produits/Manteaux, blousons/Imperméables, parkas, vestes
PARKA;BEBE;M;"Bébé Fille 3 à 23 mois/Les Produits/Manteaux, blousons/Imperméables, parkas, vestes;;Bébé Fille 3 à 23 mois/Les Produits/Manteaux, blousons/Imperméables, parkas, vestes"
PARKA;DPAM;F;Fille 3 - 14 ans/Les Produits/Manteaux et blousons/Imperméables, parkas
PARKA;DPAM;G;Garçon 3 - 14 ans/Les Produits/Manteaux et blousons/Imperméables, parkas
PARKA;DPAM;M;"Fille 3 - 14 ans/Les Produits/Manteaux et blousons/Imperméables, parkas;;Fille 3 - 14 ans/Les Produits/Manteaux et blousons/Imperméables, parkas"
PARKA DE SKI;BEBE;F;
PARKA DE SKI;BEBE;G;
PARKA DE SKI;BEBE;M;
PARKA DE SKI;DPAM;F;Fille 3 - 14 ans/Les Produits/Manteaux et blousons/Doudounes, ski
PARKA DE SKI;DPAM;G;Garçon 3 - 14 ans/Les Produits/Manteaux et blousons/Doudounes, ski
PARKA DE SKI;DPAM;M;"Fille 3 - 14 ans/Les Produits/Manteaux et blousons/Doudounes, ski;;Fille 3 - 14 ans/Les Produits/Manteaux et blousons/Doudounes, ski"
PEIGNOIR;BEBE;F;La Naissance et tout autour/Vêtements Naissance/Le Bain/Peignoirs
PEIGNOIR;BEBE;G;La Naissance et tout autour/Vêtements Naissance/Le Bain/Peignoirs
PEIGNOIR;BEBE;M;La Naissance et tout autour/Vêtements Naissance/Le Bain/Peignoirs
PEIGNOIR;DPAM;F;"La Naissance et tout autour/Vêtements Naissance/Le Bain/Peignoirs;;Fille 3 - 14 ans/Les Produits/Pyjamas/Robes de chambre, Peignoirs"
PEIGNOIR;DPAM;G;"La Naissance et tout autour/Vêtements Naissance/Le Bain/Peignoirs;;Garçon 3 - 14 ans/Les Produits/Pyjamas/Robes de chambre, Peignoirs"
PEIGNOIR;DPAM;M;"La Naissance et tout autour/Vêtements Naissance/Le Bain/Peignoirs;;Fille 3 - 14 ans/Les Produits/Pyjamas/Robes de chambre, Peignoirs;;Fille 3 - 14 ans/Les Produits/Pyjamas/Robes de chambre, Peignoirs"
PELUCHE;BEBE;F;La Naissance et tout autour/La Puériculture/Doudous et Jouets/Doudous et peluches
PELUCHE;BEBE;G;La Naissance et tout autour/La Puériculture/Doudous et Jouets/Doudous et peluches
PELUCHE;BEBE;M;La Naissance et tout autour/La Puériculture/Doudous et Jouets/Doudous et peluches
PELUCHE;DPAM;F;La Naissance et tout autour/La Puériculture/Doudous et Jouets/Doudous et peluches
PELUCHE;DPAM;G;La Naissance et tout autour/La Puériculture/Doudous et Jouets/Doudous et peluches
PELUCHE;DPAM;M;La Naissance et tout autour/La Puériculture/Doudous et Jouets/Doudous et peluches
PLUIE_BOTTE;BEBE;F;Chaussures enfants/Fille/Après-Ski, Bottes Pluie
PLUIE_BOTTE;BEBE;G;Chaussures enfants/Garcon/Après-Ski, Bottes Pluie
PLUIE_BOTTE;BEBE;M;"Chaussures enfants/Fille/Après-Ski, Bottes Pluie;;Chaussures enfants/Garcon/Après-Ski, Bottes Pluie"
PLUIE_BOTTE;DPAM;F;Chaussures enfants/Fille/Après-Ski, Bottes Pluie
PLUIE_BOTTE;DPAM;G;Chaussures enfants/Garcon/Après-Ski, Bottes Pluie
PLUIE_BOTTE;DPAM;M;"Chaussures enfants/Fille/Après-Ski, Bottes Pluie;;Chaussures enfants/Garcon/Après-Ski, Bottes Pluie"
POLO;BEBE;F;
POLO;BEBE;G;Bébé garçon 3 à 23 mois/Les Produits/T-shirts, débardeurs, polos
POLO;BEBE;M;
POLO;DPAM;F;
POLO;DPAM;G;Garçon 3 - 14 ans/Les Produits/T-shirts, débardeurs, polos
POLO;DPAM;M;
PORTE BEBE;BEBE;F;La Naissance et tout autour/La Puériculture/La Promenade/Porte-bébé
PORTE BEBE;BEBE;G;La Naissance et tout autour/La Puériculture/La Promenade/Porte-bébé
PORTE BEBE;BEBE;M;La Naissance et tout autour/La Puériculture/La Promenade/Porte-bébé
PORTE BEBE;DPAM;F;La Naissance et tout autour/La Puériculture/La Promenade/Porte-bébé
PORTE BEBE;DPAM;G;La Naissance et tout autour/La Puériculture/La Promenade/Porte-bébé
PORTE BEBE;DPAM;M;La Naissance et tout autour/La Puériculture/La Promenade/Porte-bébé
PORTE-COUCHES;BEBE;F;La Naissance et tout autour/La Puériculture/Le Bain/Accessoires
PORTE-COUCHES;BEBE;G;La Naissance et tout autour/La Puériculture/Le Bain/Accessoires
PORTE-COUCHES;BEBE;M;La Naissance et tout autour/La Puériculture/Le Bain/Accessoires
PORTE-COUCHES;DPAM;F;La Naissance et tout autour/La Puériculture/Le Bain/Accessoires
PORTE-COUCHES;DPAM;G;La Naissance et tout autour/La Puériculture/Le Bain/Accessoires
PORTE-COUCHES;DPAM;M;La Naissance et tout autour/La Puériculture/Le Bain/Accessoires
POUSSETTE;BEBE;F;La Naissance et tout autour/La Puériculture/La Promenade/Poussettes
POUSSETTE;BEBE;G;La Naissance et tout autour/La Puériculture/La Promenade/Poussettes
POUSSETTE;BEBE;M;La Naissance et tout autour/La Puériculture/La Promenade/Poussettes
POUSSETTE;DPAM;F;La Naissance et tout autour/La Puériculture/La Promenade/Poussettes
POUSSETTE;DPAM;G;La Naissance et tout autour/La Puériculture/La Promenade/Poussettes
POUSSETTE;DPAM;M;La Naissance et tout autour/La Puériculture/La Promenade/Poussettes
PROTEGE CARNET;BEBE;F;La Naissance et tout autour/La Puériculture/Le Bain/Protège-carnet de santé
PROTEGE CARNET;BEBE;G;La Naissance et tout autour/La Puériculture/Le Bain/Protège-carnet de santé
PROTEGE CARNET;BEBE;M;La Naissance et tout autour/La Puériculture/Le Bain/Protège-carnet de santé
PROTEGE CARNET;DPAM;F;La Naissance et tout autour/La Puériculture/Le Bain/Protège-carnet de santé
PROTEGE CARNET;DPAM;G;La Naissance et tout autour/La Puériculture/Le Bain/Protège-carnet de santé
PROTEGE CARNET;DPAM;M;La Naissance et tout autour/La Puériculture/Le Bain/Protège-carnet de santé
PULL;BEBE;F;Bébé Fille 3 à 23 mois/Les Produits/Sous-pulls, Pulls, Gilets
PULL;BEBE;G;Bébé garçon 3 à 23 mois/Les Produits/Sous-pulls, Pulls, Gilets, Sweats
PULL;BEBE;M;"Bébé Fille 3 à 23 mois/Les Produits/Sous-pulls, Pulls, Gilets;;Bébé Fille 3 à 23 mois/Les Produits/Sous-pulls, Pulls, Gilets"
PULL;DPAM;F;Fille 3 - 14 ans/Les Produits/Sous-pulls, Pulls, Gilets
PULL;DPAM;G;Garçon 3 - 14 ans/Les Produits/Sous-Pulls, Pulls, Gilets, Sweats
PULL;DPAM;M;"Fille 3 - 14 ans/Les Produits/Sous-pulls, Pulls, Gilets;;Fille 3 - 14 ans/Les Produits/Sous-pulls, Pulls, Gilets"
PYJAMA;BEBE;F;Bébé Fille 3 à 23 mois/Les Produits/Pyjamas, dors-bien/Pyjamas
PYJAMA;BEBE;G;Bébé garçon 3 à 23 mois/Les Produits/Pyjamas, dors-bien/Pyjamas
PYJAMA;BEBE;M;"Bébé Fille 3 à 23 mois/Les Produits/Pyjamas, dors-bien/Pyjamas;;Bébé Fille 3 à 23 mois/Les Produits/Pyjamas, dors-bien/Pyjamas"
PYJAMA;DPAM;F;Fille 3 - 14 ans/Les Produits/Pyjamas/Pyjamas 
PYJAMA;DPAM;G;Garçon 3 - 14 ans/Les Produits/Pyjamas/Pyjamas 
PYJAMA;DPAM;M;"Fille 3 - 14 ans/Les Produits/Pyjamas/Pyjamas ;;Fille 3 - 14 ans/Les Produits/Pyjamas/Pyjamas "
ROBE;BEBE;F;Bébé Fille 3 à 23 mois/Les Produits/Robes
ROBE;BEBE;G;
ROBE;BEBE;M;Bébé Fille 3 à 23 mois/Les Produits/Robes
ROBE;DPAM;F;Fille 3 - 14 ans/Les Produits/Robes
ROBE;DPAM;G;
ROBE;DPAM;M;Fille 3 - 14 ans/Les Produits/Robes
ROBE DE CHAMBRE;BEBE;F;
ROBE DE CHAMBRE;BEBE;G;
ROBE DE CHAMBRE;BEBE;M;
ROBE DE CHAMBRE;DPAM;F;Fille 3 - 14 ans/Les Produits/Pyjamas/Robes de chambre, Peignoirs
ROBE DE CHAMBRE;DPAM;G;Garçon 3 - 14 ans/Les Produits/Pyjamas/Robes de chambre, Peignoirs
ROBE DE CHAMBRE;DPAM;M;"Fille 3 - 14 ans/Les Produits/Pyjamas/Robes de chambre, Peignoirs;;Fille 3 - 14 ans/Les Produits/Pyjamas/Robes de chambre, Peignoirs"
ROBE DE PLAGE;BEBE;F;Bébé Fille 3 à 23 mois/Les Produits/Robes
ROBE DE PLAGE;BEBE;G;
ROBE DE PLAGE;BEBE;M;Bébé Fille 3 à 23 mois/Les Produits/Robes
ROBE DE PLAGE;DPAM;F;Fille 3 - 14 ans/Les Produits/Robes
ROBE DE PLAGE;DPAM;G;
ROBE DE PLAGE;DPAM;M;Fille 3 - 14 ans/Les Produits/Robes
ROBE+BLOOMER;BEBE;F;Bébé Fille 3 à 23 mois/Les Produits/Robes
ROBE+BLOOMER;BEBE;G;
ROBE+BLOOMER;BEBE;M;Bébé Fille 3 à 23 mois/Les Produits/Robes
ROBE+BLOOMER;DPAM;F;Fille 3 - 14 ans/Les Produits/Robes
ROBE+BLOOMER;DPAM;G;
ROBE+BLOOMER;DPAM;M;Fille 3 - 14 ans/Les Produits/Robes
SAC;BEBE;F;
SAC;BEBE;G;
SAC;BEBE;M;
SAC;DPAM;F;Fille 3 - 14 ans/Les Produits/Accessoires fille/Sacs
SAC;DPAM;G;Garçon 3 - 14 ans/Les Produits/Accessoires garcon/Sacs
SAC;DPAM;M;"Fille 3 - 14 ans/Les Produits/Accessoires fille/Sacs;;Fille 3 - 14 ans/Les Produits/Accessoires fille/Sacs"
SAC A DOS;BEBE;F;
SAC A DOS;BEBE;G;
SAC A DOS;BEBE;M;
SAC A DOS;DPAM;F;Fille 3 - 14 ans/Les Produits/Accessoires fille/Sacs
SAC A DOS;DPAM;G;Garçon 3 - 14 ans/Les Produits/Accessoires garcon/Sacs
SAC A DOS;DPAM;M;"Fille 3 - 14 ans/Les Produits/Accessoires fille/Sacs;;Fille 3 - 14 ans/Les Produits/Accessoires fille/Sacs"
SAC A LANGER;BEBE;F;La Naissance et tout autour/La Puériculture/La Promenade/Sacs à langer
SAC A LANGER;BEBE;G;La Naissance et tout autour/La Puériculture/La Promenade/Sacs à langer
SAC A LANGER;BEBE;M;La Naissance et tout autour/La Puériculture/La Promenade/Sacs à langer
SAC A LANGER;DPAM;F;La Naissance et tout autour/La Puériculture/La Promenade/Sacs à langer
SAC A LANGER;DPAM;G;La Naissance et tout autour/La Puériculture/La Promenade/Sacs à langer
SAC A LANGER;DPAM;M;La Naissance et tout autour/La Puériculture/La Promenade/Sacs à langer
SAC DE COUCHAGE;BEBE;F;La Naissance et tout autour/La Puériculture/Le Sommeil/Lits parapluie, parcs
SAC DE COUCHAGE;BEBE;G;La Naissance et tout autour/La Puériculture/Le Sommeil/Lits parapluie, parcs
SAC DE COUCHAGE;BEBE;M;La Naissance et tout autour/La Puériculture/Le Sommeil/Lits parapluie, parcs
SAC DE COUCHAGE;DPAM;F;La Naissance et tout autour/La Puériculture/Le Sommeil/Lits parapluie, parcs
SAC DE COUCHAGE;DPAM;G;La Naissance et tout autour/La Puériculture/Le Sommeil/Lits parapluie, parcs
SAC DE COUCHAGE;DPAM;M;La Naissance et tout autour/La Puériculture/Le Sommeil/Lits parapluie, parcs
SAC ISOTHERME;BEBE;F;La Naissance et tout autour/La Puériculture/Les Repas/Accessoires repas
SAC ISOTHERME;BEBE;G;La Naissance et tout autour/La Puériculture/Les Repas/Accessoires repas
SAC ISOTHERME;BEBE;M;La Naissance et tout autour/La Puériculture/Les Repas/Accessoires repas
SAC ISOTHERME;DPAM;F;La Naissance et tout autour/La Puériculture/Les Repas/Accessoires repas
SAC ISOTHERME;DPAM;G;La Naissance et tout autour/La Puériculture/Les Repas/Accessoires repas
SAC ISOTHERME;DPAM;M;La Naissance et tout autour/La Puériculture/Les Repas/Accessoires repas
SALOPETTE;BEBE;F;Bébé Fille 3 à 23 mois/Les Produits/Pantalons, Salopettes, Caleçons
SALOPETTE;BEBE;G;Bébé garçon 3 à 23 mois/Les Produits/Salopettes
SALOPETTE;BEBE;M;"Bébé Fille 3 à 23 mois/Les Produits/Pantalons, Salopettes, Caleçons;;Bébé Fille 3 à 23 mois/Les Produits/Pantalons, Salopettes, Caleçons"
SALOPETTE;DPAM;F;
SALOPETTE;DPAM;G;
SALOPETTE;DPAM;M;
SERRE-TETE;BEBE;F;
SERRE-TETE;BEBE;G;
SERRE-TETE;BEBE;M;
SERRE-TETE;DPAM;F;Fille 3 - 14 ans/Les Produits/Accessoires fille/Accessoires cheveux
SERRE-TETE;DPAM;G;
SERRE-TETE;DPAM;M;Fille 3 - 14 ans/Les Produits/Accessoires fille/Accessoires cheveux
SERVIETTE DE TOILETTE;BEBE;F;La Naissance et tout autour/La Puériculture/Le Bain/Linge de toilette
SERVIETTE DE TOILETTE;BEBE;G;La Naissance et tout autour/La Puériculture/Le Bain/Linge de toilette
SERVIETTE DE TOILETTE;BEBE;M;La Naissance et tout autour/La Puériculture/Le Bain/Linge de toilette
SERVIETTE DE TOILETTE;DPAM;F;La Naissance et tout autour/La Puériculture/Le Bain/Linge de toilette
SERVIETTE DE TOILETTE;DPAM;G;La Naissance et tout autour/La Puériculture/Le Bain/Linge de toilette
SERVIETTE DE TOILETTE;DPAM;M;La Naissance et tout autour/La Puériculture/Le Bain/Linge de toilette
SHORT;BEBE;F;Bébé Fille 3 à 23 mois/Les Produits/Jupes, Shorts, Bloomers
SHORT;BEBE;G;Bébé garçon 3 à 23 mois/Les Produits/Bermudas, shorts
SHORT;BEBE;M;"Bébé Fille 3 à 23 mois/Les Produits/Jupes, Shorts, Bloomers;;Bébé Fille 3 à 23 mois/Les Produits/Jupes, Shorts, Bloomers"
SHORT;DPAM;F;Fille 3 - 14 ans/Les Produits/Jupes, Shorts, Corsaires
SHORT;DPAM;G;Garçon 3 - 14 ans/Les Produits/Bermudas, shorts
SHORT;DPAM;M;"Fille 3 - 14 ans/Les Produits/Jupes, Shorts, Corsaires;;Fille 3 - 14 ans/Les Produits/Jupes, Shorts, Corsaires"
SIEGE AUTO;BEBE;F;La Naissance et tout autour/La Puériculture/La Promenade/Sièges auto
SIEGE AUTO;BEBE;G;La Naissance et tout autour/La Puériculture/La Promenade/Sièges auto
SIEGE AUTO;BEBE;M;La Naissance et tout autour/La Puériculture/La Promenade/Sièges auto
SIEGE AUTO;DPAM;F;La Naissance et tout autour/La Puériculture/La Promenade/Sièges auto
SIEGE AUTO;DPAM;G;La Naissance et tout autour/La Puériculture/La Promenade/Sièges auto
SIEGE AUTO;DPAM;M;La Naissance et tout autour/La Puériculture/La Promenade/Sièges auto
SLIP DE BAIN;BEBE;F;
SLIP DE BAIN;BEBE;G;
SLIP DE BAIN;BEBE;M;
SLIP DE BAIN;DPAM;F;Fille 3 - 14 ans/Les Produits/La Plage/Maillots de bain
SLIP DE BAIN;DPAM;G;
SLIP DE BAIN;DPAM;M;Fille 3 - 14 ans/Les Produits/La Plage/Maillots de bain
SOUS-PULL;BEBE;F;Bébé Fille 3 à 23 mois/Les Produits/Sous-pulls, Pulls, Gilets
SOUS-PULL;BEBE;G;Bébé garçon 3 à 23 mois/Les Produits/Sous-pulls, Pulls, Gilets, Sweats
SOUS-PULL;BEBE;M;"Bébé Fille 3 à 23 mois/Les Produits/Sous-pulls, Pulls, Gilets;;Bébé Fille 3 à 23 mois/Les Produits/Sous-pulls, Pulls, Gilets"
SOUS-PULL;DPAM;F;Fille 3 - 14 ans/Les Produits/Sous-pulls, Pulls, Gilets
SOUS-PULL;DPAM;G;Garçon 3 - 14 ans/Les Produits/Sous-Pulls, Pulls, Gilets, Sweats
SOUS-PULL;DPAM;M;"Fille 3 - 14 ans/Les Produits/Sous-pulls, Pulls, Gilets;;Fille 3 - 14 ans/Les Produits/Sous-pulls, Pulls, Gilets"
SPORT_CLASSIC;BEBE;F;Chaussures enfants/Fille/Baskets de marques sport
SPORT_CLASSIC;BEBE;G;Chaussures enfants/Garcon/Baskets de marques sport
SPORT_CLASSIC;BEBE;M;"Chaussures enfants/Fille/Baskets de marques sport;;Chaussures enfants/Garcon/Baskets de marques sport"
SPORT_CLASSIC;DPAM;F;Chaussures enfants/Fille/Baskets de marques sport
SPORT_CLASSIC;DPAM;G;Chaussures enfants/Garcon/Baskets de marques sport
SPORT_CLASSIC;DPAM;M;"Chaussures enfants/Fille/Baskets de marques sport;;Chaussures enfants/Garcon/Baskets de marques sport"
SPORT_SANDALE;BEBE;F;Chaussures enfants/Fille/Baskets de marques sport
SPORT_SANDALE;BEBE;G;Chaussures enfants/Garcon/Baskets de marques sport
SPORT_SANDALE;BEBE;M;"Chaussures enfants/Fille/Baskets de marques sport;;Chaussures enfants/Garcon/Baskets de marques sport"
SPORT_SANDALE;DPAM;F;Chaussures enfants/Fille/Baskets de marques sport
SPORT_SANDALE;DPAM;G;Chaussures enfants/Garcon/Baskets de marques sport
SPORT_SANDALE;DPAM;M;"Chaussures enfants/Fille/Baskets de marques sport;;Chaussures enfants/Garcon/Baskets de marques sport"
SPORT_TENNIS;BEBE;F;Chaussures enfants/Fille/Baskets de marques sport
SPORT_TENNIS;BEBE;G;Chaussures enfants/Garcon/Baskets de marques sport
SPORT_TENNIS;BEBE;M;"Chaussures enfants/Fille/Baskets de marques sport;;Chaussures enfants/Garcon/Baskets de marques sport"
SPORT_TENNIS;DPAM;F;Chaussures enfants/Fille/Baskets de marques sport
SPORT_TENNIS;DPAM;G;Chaussures enfants/Garcon/Baskets de marques sport
SPORT_TENNIS;DPAM;M;"Chaussures enfants/Fille/Baskets de marques sport;;Chaussures enfants/Garcon/Baskets de marques sport"
STERILISATEUR;BEBE;F;La Naissance et tout autour/La Puériculture/Les Repas/Biberonnerie
STERILISATEUR;BEBE;G;La Naissance et tout autour/La Puériculture/Les Repas/Biberonnerie
STERILISATEUR;BEBE;M;La Naissance et tout autour/La Puériculture/Les Repas/Biberonnerie
STERILISATEUR;DPAM;F;La Naissance et tout autour/La Puériculture/Les Repas/Biberonnerie
STERILISATEUR;DPAM;G;La Naissance et tout autour/La Puériculture/Les Repas/Biberonnerie
STERILISATEUR;DPAM;M;La Naissance et tout autour/La Puériculture/Les Repas/Biberonnerie
SUCETTES;BEBE;F;La Naissance et tout autour/La Puériculture/Les Repas/Biberonnerie
SUCETTES;BEBE;G;La Naissance et tout autour/La Puériculture/Les Repas/Biberonnerie
SUCETTES;BEBE;M;La Naissance et tout autour/La Puériculture/Les Repas/Biberonnerie
SUCETTES;DPAM;F;La Naissance et tout autour/La Puériculture/Les Repas/Biberonnerie
SUCETTES;DPAM;G;La Naissance et tout autour/La Puériculture/Les Repas/Biberonnerie
SUCETTES;DPAM;M;La Naissance et tout autour/La Puériculture/Les Repas/Biberonnerie
SUR-PYJAMA;BEBE;F;Bébé Fille 3 à 23 mois/Les Produits/Pyjamas, dors-bien/Pyjamas
SUR-PYJAMA;BEBE;G;Bébé garçon 3 à 23 mois/Les Produits/Pyjamas, dors-bien/Pyjamas
SUR-PYJAMA;BEBE;M;"Bébé Fille 3 à 23 mois/Les Produits/Pyjamas, dors-bien/Pyjamas;;Bébé Fille 3 à 23 mois/Les Produits/Pyjamas, dors-bien/Pyjamas"
SUR-PYJAMA;DPAM;F;
SUR-PYJAMA;DPAM;G;
SUR-PYJAMA;DPAM;M;
SWEAT;BEBE;F;
SWEAT;BEBE;G;
SWEAT;BEBE;M;
SWEAT;DPAM;F;Fille 3 - 14 ans/Les Produits/Sous-Pulls, Pulls, Gilets, Sweats
SWEAT;DPAM;G;Garçon 3 - 14 ans/Les Produits/Sous-Pulls, Pulls, Gilets, Sweats
SWEAT;DPAM;M;"Fille 3 - 14 ans/Les Produits/Sous-Pulls, Pulls, Gilets, Sweats;;Fille 3 - 14 ans/Les Produits/Sous-Pulls, Pulls, Gilets, Sweats"
TABLIER;BEBE;F;
TABLIER;BEBE;G;
TABLIER;BEBE;M;
TABLIER;DPAM;F;Fille 3 - 14 ans/Les Produits/Accessoires fille/Tabliers
TABLIER;DPAM;G;Garçon 3 - 14 ans/Les Produits/Accessoires garcon/Tabliers
TABLIER;DPAM;M;"Fille 3 - 14 ans/Les Produits/Accessoires fille/Tabliers;;Fille 3 - 14 ans/Les Produits/Accessoires fille/Tabliers"
TAPIS D'EVEIL;BEBE;F;La Naissance et tout autour/La Puériculture/Doudous et Jouets/Jouets musicaux et éveil
TAPIS D'EVEIL;BEBE;G;La Naissance et tout autour/La Puériculture/Doudous et Jouets/Jouets musicaux et éveil
TAPIS D'EVEIL;BEBE;M;La Naissance et tout autour/La Puériculture/Doudous et Jouets/Jouets musicaux et éveil
TAPIS D'EVEIL;DPAM;F;La Naissance et tout autour/La Puériculture/Doudous et Jouets/Jouets musicaux et éveil
TAPIS D'EVEIL;DPAM;G;La Naissance et tout autour/La Puériculture/Doudous et Jouets/Jouets musicaux et éveil
TAPIS D'EVEIL;DPAM;M;La Naissance et tout autour/La Puériculture/Doudous et Jouets/Jouets musicaux et éveil
TEE-SHIRT;BEBE;F;Bébé Fille 3 à 23 mois/Les Produits/T-shirts, débardeurs
TEE-SHIRT;BEBE;G;Bébé garçon 3 à 23 mois/Les Produits/T-shirts, débardeurs, polos
TEE-SHIRT;BEBE;M;"Bébé Fille 3 à 23 mois/Les Produits/T-shirts, débardeurs;;Bébé Fille 3 à 23 mois/Les Produits/T-shirts, débardeurs"
TEE-SHIRT;DPAM;F;Fille 3 - 14 ans/Les Produits/T-shirts, débardeurs
TEE-SHIRT;DPAM;G;Garçon 3 - 14 ans/Les Produits/T-shirts, débardeurs, polos
TEE-SHIRT;DPAM;M;"Fille 3 - 14 ans/Les Produits/T-shirts, débardeurs;;Fille 3 - 14 ans/Les Produits/T-shirts, débardeurs"
TETINE;BEBE;F;La Naissance et tout autour/La Puériculture/Les Repas/Biberonnerie
TETINE;BEBE;G;La Naissance et tout autour/La Puériculture/Les Repas/Biberonnerie
TETINE;BEBE;M;La Naissance et tout autour/La Puériculture/Les Repas/Biberonnerie
TETINE;DPAM;F;La Naissance et tout autour/La Puériculture/Les Repas/Biberonnerie
TETINE;DPAM;G;La Naissance et tout autour/La Puériculture/Les Repas/Biberonnerie
TETINE;DPAM;M;La Naissance et tout autour/La Puériculture/Les Repas/Biberonnerie
THERMOMETRE;BEBE;F;La Naissance et tout autour/La Puériculture/Le Bain/Accessoires
THERMOMETRE;BEBE;G;La Naissance et tout autour/La Puériculture/Le Bain/Accessoires
THERMOMETRE;BEBE;M;La Naissance et tout autour/La Puériculture/Le Bain/Accessoires
THERMOMETRE;DPAM;F;La Naissance et tout autour/La Puériculture/Le Bain/Accessoires
THERMOMETRE;DPAM;G;La Naissance et tout autour/La Puériculture/Le Bain/Accessoires
THERMOMETRE;DPAM;M;La Naissance et tout autour/La Puériculture/Le Bain/Accessoires
TIRE LAIT;BEBE;F;La Naissance et tout autour/La Puériculture/Les Repas/Allaitement
TIRE LAIT;BEBE;G;La Naissance et tout autour/La Puériculture/Les Repas/Allaitement
TIRE LAIT;BEBE;M;La Naissance et tout autour/La Puériculture/Les Repas/Allaitement
TIRE LAIT;DPAM;F;La Naissance et tout autour/La Puériculture/Les Repas/Allaitement
TIRE LAIT;DPAM;G;La Naissance et tout autour/La Puériculture/Les Repas/Allaitement
TIRE LAIT;DPAM;M;La Naissance et tout autour/La Puériculture/Les Repas/Allaitement
TOILE_BABIES;BEBE;F;Chaussures enfants/Fille/Toiles
TOILE_BABIES;BEBE;G;Chaussures enfants/Garcon/Toiles
TOILE_BABIES;BEBE;M;"Chaussures enfants/Fille/Toiles;;Chaussures enfants/Garcon/Toiles"
TOILE_BABIES;DPAM;F;Chaussures enfants/Fille/Toiles
TOILE_BABIES;DPAM;G;Chaussures enfants/Garcon/Toiles
TOILE_BABIES;DPAM;M;"Chaussures enfants/Fille/Toiles;;Chaussures enfants/Garcon/Toiles"
TOILE_BALLERINE;BEBE;F;Chaussures enfants/Fille/Toiles
TOILE_BALLERINE;BEBE;G;Chaussures enfants/Garcon/Toiles
TOILE_BALLERINE;BEBE;M;"Chaussures enfants/Fille/Toiles;;Chaussures enfants/Garcon/Toiles"
TOILE_BALLERINE;DPAM;F;Chaussures enfants/Fille/Toiles
TOILE_BALLERINE;DPAM;G;Chaussures enfants/Garcon/Toiles
TOILE_BALLERINE;DPAM;M;"Chaussures enfants/Fille/Toiles;;Chaussures enfants/Garcon/Toiles"
TOILE_BASKET;BEBE;F;Chaussures enfants/Fille/Toiles
TOILE_BASKET;BEBE;G;Chaussures enfants/Garcon/Toiles
TOILE_BASKET;BEBE;M;"Chaussures enfants/Fille/Toiles;;Chaussures enfants/Garcon/Toiles"
TOILE_BASKET;DPAM;F;Chaussures enfants/Fille/Toiles
TOILE_BASKET;DPAM;G;Chaussures enfants/Garcon/Toiles
TOILE_BASKET;DPAM;M;"Chaussures enfants/Fille/Toiles;;Chaussures enfants/Garcon/Toiles"
TOILE_ESPADRILLE;BEBE;F;Chaussures enfants/Fille/Toiles
TOILE_ESPADRILLE;BEBE;G;Chaussures enfants/Garcon/Toiles
TOILE_ESPADRILLE;BEBE;M;"Chaussures enfants/Fille/Toiles;;Chaussures enfants/Garcon/Toiles"
TOILE_ESPADRILLE;DPAM;F;Chaussures enfants/Fille/Toiles
TOILE_ESPADRILLE;DPAM;G;Chaussures enfants/Garcon/Toiles
TOILE_ESPADRILLE;DPAM;M;"Chaussures enfants/Fille/Toiles;;Chaussures enfants/Garcon/Toiles"
TOILE_SALOME;BEBE;F;Chaussures enfants/Fille/Toiles
TOILE_SALOME;BEBE;G;Chaussures enfants/Garcon/Toiles
TOILE_SALOME;BEBE;M;"Chaussures enfants/Fille/Toiles;;Chaussures enfants/Garcon/Toiles"
TOILE_SALOME;DPAM;F;Chaussures enfants/Fille/Toiles
TOILE_SALOME;DPAM;G;Chaussures enfants/Garcon/Toiles
TOILE_SALOME;DPAM;M;"Chaussures enfants/Fille/Toiles;;Chaussures enfants/Garcon/Toiles"
TOILE_TENNIS;BEBE;F;Chaussures enfants/Fille/Toiles
TOILE_TENNIS;BEBE;G;Chaussures enfants/Garcon/Toiles
TOILE_TENNIS;BEBE;M;"Chaussures enfants/Fille/Toiles;;Chaussures enfants/Garcon/Toiles"
TOILE_TENNIS;DPAM;F;Chaussures enfants/Fille/Toiles
TOILE_TENNIS;DPAM;G;Chaussures enfants/Garcon/Toiles
TOILE_TENNIS;DPAM;M;"Chaussures enfants/Fille/Toiles;;Chaussures enfants/Garcon/Toiles"
TRANSAT;BEBE;F;La Naissance et tout autour/La Puériculture/Le Sommeil/Transats
TRANSAT;BEBE;G;La Naissance et tout autour/La Puériculture/Le Sommeil/Transats
TRANSAT;BEBE;M;La Naissance et tout autour/La Puériculture/Le Sommeil/Transats
TRANSAT;DPAM;F;La Naissance et tout autour/La Puériculture/Le Sommeil/Transats
TRANSAT;DPAM;G;La Naissance et tout autour/La Puériculture/Le Sommeil/Transats
TRANSAT;DPAM;M;La Naissance et tout autour/La Puériculture/Le Sommeil/Transats
TRANSAT DE BAIN;BEBE;F;La Naissance et tout autour/La Puériculture/Le Bain/Baignoires et transats
TRANSAT DE BAIN;BEBE;G;La Naissance et tout autour/La Puériculture/Le Bain/Baignoires et transats
TRANSAT DE BAIN;BEBE;M;La Naissance et tout autour/La Puériculture/Le Bain/Baignoires et transats
TRANSAT DE BAIN;DPAM;F;La Naissance et tout autour/La Puériculture/Le Bain/Baignoires et transats
TRANSAT DE BAIN;DPAM;G;La Naissance et tout autour/La Puériculture/Le Bain/Baignoires et transats
TRANSAT DE BAIN;DPAM;M;La Naissance et tout autour/La Puériculture/Le Bain/Baignoires et transats
TROUSSE;BEBE;F;La Naissance et tout autour/La Puériculture/Le Bain/Vanitys et trousses
TROUSSE;BEBE;G;La Naissance et tout autour/La Puériculture/Le Bain/Vanitys et trousses
TROUSSE;BEBE;M;La Naissance et tout autour/La Puériculture/Le Bain/Vanitys et trousses
TROUSSE;DPAM;F;La Naissance et tout autour/La Puériculture/Le Bain/Vanitys et trousses
TROUSSE;DPAM;G;La Naissance et tout autour/La Puériculture/Le Bain/Vanitys et trousses
TROUSSE;DPAM;M;La Naissance et tout autour/La Puériculture/Le Bain/Vanitys et trousses
TROUSSEAU;BEBE;F;La Naissance et tout autour/La Puériculture/Le Bain/Vanitys et trousses
TROUSSEAU;BEBE;G;La Naissance et tout autour/La Puériculture/Le Bain/Vanitys et trousses
TROUSSEAU;BEBE;M;La Naissance et tout autour/La Puériculture/Le Bain/Vanitys et trousses
TROUSSEAU;DPAM;F;La Naissance et tout autour/La Puériculture/Le Bain/Vanitys et trousses
TROUSSEAU;DPAM;G;La Naissance et tout autour/La Puériculture/Le Bain/Vanitys et trousses
TROUSSEAU;DPAM;M;La Naissance et tout autour/La Puériculture/Le Bain/Vanitys et trousses
VANITY;BEBE;F;La Naissance et tout autour/La Puériculture/Le Bain/Vanitys et trousses
VANITY;BEBE;G;La Naissance et tout autour/La Puériculture/Le Bain/Vanitys et trousses
VANITY;BEBE;M;La Naissance et tout autour/La Puériculture/Le Bain/Vanitys et trousses
VANITY;DPAM;F;La Naissance et tout autour/La Puériculture/Le Bain/Vanitys et trousses
VANITY;DPAM;G;La Naissance et tout autour/La Puériculture/Le Bain/Vanitys et trousses
VANITY;DPAM;M;La Naissance et tout autour/La Puériculture/Le Bain/Vanitys et trousses
VEILLE BB;BEBE;F;La Naissance et tout autour/La Puériculture/Le Sommeil/Baby Phone
VEILLE BB;BEBE;G;La Naissance et tout autour/La Puériculture/Le Sommeil/Baby Phone
VEILLE BB;BEBE;M;La Naissance et tout autour/La Puériculture/Le Sommeil/Baby Phone
VEILLE BB;DPAM;F;La Naissance et tout autour/La Puériculture/Le Sommeil/Baby Phone
VEILLE BB;DPAM;G;La Naissance et tout autour/La Puériculture/Le Sommeil/Baby Phone
VEILLE BB;DPAM;M;La Naissance et tout autour/La Puériculture/Le Sommeil/Baby Phone
VEILLEUSE;BEBE;F;La Naissance et tout autour/La Puériculture/Le Sommeil/Veilleuses, mobiles
VEILLEUSE;BEBE;G;La Naissance et tout autour/La Puériculture/Le Sommeil/Veilleuses, mobiles
VEILLEUSE;BEBE;M;La Naissance et tout autour/La Puériculture/Le Sommeil/Veilleuses, mobiles
VEILLEUSE;DPAM;F;La Naissance et tout autour/La Puériculture/Le Sommeil/Veilleuses, mobiles
VEILLEUSE;DPAM;G;La Naissance et tout autour/La Puériculture/Le Sommeil/Veilleuses, mobiles
VEILLEUSE;DPAM;M;La Naissance et tout autour/La Puériculture/Le Sommeil/Veilleuses, mobiles
VESTE;BEBE;F;Bébé Fille 3 à 23 mois/Les Produits/Manteaux, blousons/Imperméables, parkas, vestes
VESTE;BEBE;G;Bébé garçon 3 à 23 mois/Les Produits/Manteaux, blousons/Imperméables, parkas, vestes
VESTE;BEBE;M;"Bébé Fille 3 à 23 mois/Les Produits/Manteaux, blousons/Imperméables, parkas, vestes;;Bébé Fille 3 à 23 mois/Les Produits/Manteaux, blousons/Imperméables, parkas, vestes"
VESTE;DPAM;F;Fille 3 - 14 ans/Les Produits/Manteaux et blousons/Vestes, blousons
VESTE;DPAM;G;Garçon 3 - 14 ans/Les Produits/Manteaux et blousons/Vestes, blousons
VESTE;DPAM;M;"Fille 3 - 14 ans/Les Produits/Manteaux et blousons/Vestes, blousons;;Fille 3 - 14 ans/Les Produits/Manteaux et blousons/Vestes, blousons"
VESTE AUTRICHIENNE;BEBE;F;Bébé Fille 3 à 23 mois/Les Produits/Manteaux, blousons/Imperméables, parkas, vestes
VESTE AUTRICHIENNE;BEBE;G;Bébé garçon 3 à 23 mois/Les Produits/Manteaux, blousons/Imperméables, parkas, vestes
VESTE AUTRICHIENNE;BEBE;M;"Bébé Fille 3 à 23 mois/Les Produits/Manteaux, blousons/Imperméables, parkas, vestes;;Bébé Fille 3 à 23 mois/Les Produits/Manteaux, blousons/Imperméables, parkas, vestes"
VESTE AUTRICHIENNE;DPAM;F;Fille 3 - 14 ans/Les Produits/Manteaux et blousons/Vestes, blousons
VESTE AUTRICHIENNE;DPAM;G;Garçon 3 - 14 ans/Les Produits/Manteaux et blousons/Vestes, blousons
VESTE AUTRICHIENNE;DPAM;M;"Fille 3 - 14 ans/Les Produits/Manteaux et blousons/Vestes, blousons;;Fille 3 - 14 ans/Les Produits/Manteaux et blousons/Vestes, blousons"
VILLE_BABIES;BEBE;F;Chaussures enfants/Fille/Babies
VILLE_BABIES;BEBE;G;Chaussures enfants/Garcon/Babies
VILLE_BABIES;BEBE;M;"Chaussures enfants/Fille/Babies;;Chaussures enfants/Garcon/Babies"
VILLE_BABIES;DPAM;F;Chaussures enfants/Fille/Babies
VILLE_BABIES;DPAM;G;Chaussures enfants/Garcon/Babies
VILLE_BABIES;DPAM;M;"Chaussures enfants/Fille/Babies;;Chaussures enfants/Garcon/Babies"
VILLE_BALLERINE;BEBE;F;Chaussures enfants/Fille/Ballerines
VILLE_BALLERINE;BEBE;G;Chaussures enfants/Garcon/Ballerines
VILLE_BALLERINE;BEBE;M;"Chaussures enfants/Fille/Ballerines;;Chaussures enfants/Garcon/Ballerines"
VILLE_BALLERINE;DPAM;F;Chaussures enfants/Fille/Ballerines
VILLE_BALLERINE;DPAM;G;Chaussures enfants/Garcon/Ballerines
VILLE_BALLERINE;DPAM;M;"Chaussures enfants/Fille/Ballerines;;Chaussures enfants/Garcon/Ballerines"
VILLE_BASKET;BEBE;F;Chaussures enfants/Fille/Baskets de marques sport
VILLE_BASKET;BEBE;G;Chaussures enfants/Garcon/Baskets de marques sport
VILLE_BASKET;BEBE;M;"Chaussures enfants/Fille/Baskets de marques sport;;Chaussures enfants/Garcon/Baskets de marques sport"
VILLE_BASKET;DPAM;F;Chaussures enfants/Fille/Baskets de marques sport
VILLE_BASKET;DPAM;G;Chaussures enfants/Garcon/Baskets de marques sport
VILLE_BASKET;DPAM;M;"Chaussures enfants/Fille/Baskets de marques sport;;Chaussures enfants/Garcon/Baskets de marques sport"
VILLE_BOOTS;BEBE;F;Chaussures enfants/Fille/Bottes, bottines
VILLE_BOOTS;BEBE;G;Chaussures enfants/Garcon/Bottes, bottines
VILLE_BOOTS;BEBE;M;"Chaussures enfants/Fille/Bottes, bottines;;Chaussures enfants/Garcon/Bottes, bottines"
VILLE_BOOTS;DPAM;F;Chaussures enfants/Fille/Bottes, bottines
VILLE_BOOTS;DPAM;G;Chaussures enfants/Garcon/Bottes, bottines
VILLE_BOOTS;DPAM;M;"Chaussures enfants/Fille/Bottes, bottines;;Chaussures enfants/Garcon/Bottes, bottines"
VILLE_BOTTE;BEBE;F;Chaussures enfants/Fille/Bottes, bottines
VILLE_BOTTE;BEBE;G;Chaussures enfants/Garcon/Bottes, bottines
VILLE_BOTTE;BEBE;M;"Chaussures enfants/Fille/Bottes, bottines;;Chaussures enfants/Garcon/Bottes, bottines"
VILLE_BOTTE;DPAM;F;Chaussures enfants/Fille/Bottes, bottines
VILLE_BOTTE;DPAM;G;Chaussures enfants/Garcon/Bottes, bottines
VILLE_BOTTE;DPAM;M;"Chaussures enfants/Fille/Bottes, bottines;;Chaussures enfants/Garcon/Bottes, bottines"
VILLE_BOTTILLON;BEBE;F;Chaussures enfants/Fille/Bébé
VILLE_BOTTILLON;BEBE;G;Chaussures enfants/Garcon/Bébé
VILLE_BOTTILLON;BEBE;M;"Chaussures enfants/Fille/Bébé;;Chaussures enfants/Garcon/Bébé"
VILLE_BOTTILLON;DPAM;F;Chaussures enfants/Fille/Bébé
VILLE_BOTTILLON;DPAM;G;Chaussures enfants/Garcon/Bébé
VILLE_BOTTILLON;DPAM;M;"Chaussures enfants/Fille/Bébé;;Chaussures enfants/Garcon/Bébé"
VILLE_DERBY;BEBE;F;Chaussures enfants/Fille/Derby
VILLE_DERBY;BEBE;G;Chaussures enfants/Garcon/Derby
VILLE_DERBY;BEBE;M;"Chaussures enfants/Fille/Derby;;Chaussures enfants/Garcon/Derby"
VILLE_DERBY;DPAM;F;Chaussures enfants/Fille/Derby
VILLE_DERBY;DPAM;G;Chaussures enfants/Garcon/Derby
VILLE_DERBY;DPAM;M;"Chaussures enfants/Fille/Derby;;Chaussures enfants/Garcon/Derby"
VILLE_LAYETTE;BEBE;F;Chaussures enfants/Fille/Bébé
VILLE_LAYETTE;BEBE;G;Chaussures enfants/Garcon/Bébé
VILLE_LAYETTE;BEBE;M;"Chaussures enfants/Fille/Bébé;;Chaussures enfants/Garcon/Bébé"
VILLE_LAYETTE;DPAM;F;Chaussures enfants/Fille/Bébé
VILLE_LAYETTE;DPAM;G;Chaussures enfants/Garcon/Bébé
VILLE_LAYETTE;DPAM;M;"Chaussures enfants/Fille/Bébé;;Chaussures enfants/Garcon/Bébé"
VILLE_MOCASSIN;BEBE;F;Chaussures enfants/Fille/Mocassins
VILLE_MOCASSIN;BEBE;G;Chaussures enfants/Garcon/Mocassins
VILLE_MOCASSIN;BEBE;M;"Chaussures enfants/Fille/Mocassins;;Chaussures enfants/Garcon/Mocassins"
VILLE_MOCASSIN;DPAM;F;Chaussures enfants/Fille/Mocassins
VILLE_MOCASSIN;DPAM;G;Chaussures enfants/Garcon/Mocassins
VILLE_MOCASSIN;DPAM;M;"Chaussures enfants/Fille/Mocassins;;Chaussures enfants/Garcon/Mocassins"
VILLE_NU PIEDS;BEBE;F;Chaussures enfants/Fille/Sandales, nu pieds
VILLE_NU PIEDS;BEBE;G;Chaussures enfants/Garcon/Sandales, nu pieds
VILLE_NU PIEDS;BEBE;M;"Chaussures enfants/Fille/Sandales, nu pieds;;Chaussures enfants/Garcon/Sandales, nu pieds"
VILLE_NU PIEDS;DPAM;F;Chaussures enfants/Fille/Sandales, nu pieds
VILLE_NU PIEDS;DPAM;G;Chaussures enfants/Garcon/Sandales, nu pieds
VILLE_NU PIEDS;DPAM;M;"Chaussures enfants/Fille/Sandales, nu pieds;;Chaussures enfants/Garcon/Sandales, nu pieds"
VILLE_PARC;BEBE;F;Chaussures enfants/Fille/Bébé
VILLE_PARC;BEBE;G;Chaussures enfants/Garcon/Bébé
VILLE_PARC;BEBE;M;"Chaussures enfants/Fille/Bébé;;Chaussures enfants/Garcon/Bébé"
VILLE_PARC;DPAM;F;Chaussures enfants/Fille/Bébé
VILLE_PARC;DPAM;G;Chaussures enfants/Garcon/Bébé
VILLE_PARC;DPAM;M;"Chaussures enfants/Fille/Bébé;;Chaussures enfants/Garcon/Bébé"
VILLE_SALOME;BEBE;F;Chaussures enfants/Fille/Salomés
VILLE_SALOME;BEBE;G;Chaussures enfants/Garcon/Salomés
VILLE_SALOME;BEBE;M;"Chaussures enfants/Fille/Salomés;;Chaussures enfants/Garcon/Salomés"
VILLE_SALOME;DPAM;F;Chaussures enfants/Fille/Salomés
VILLE_SALOME;DPAM;G;Chaussures enfants/Garcon/Salomés
VILLE_SALOME;DPAM;M;"Chaussures enfants/Fille/Salomés;;Chaussures enfants/Garcon/Salomés"
VILLE_SANDALE;BEBE;F;Chaussures enfants/Fille/Sandales, nu pieds
VILLE_SANDALE;BEBE;G;Chaussures enfants/Garcon/Sandales, nu pieds
VILLE_SANDALE;BEBE;M;"Chaussures enfants/Fille/Sandales, nu pieds;;Chaussures enfants/Garcon/Sandales, nu pieds"
VILLE_SANDALE;DPAM;F;Chaussures enfants/Fille/Sandales, nu pieds
VILLE_SANDALE;DPAM;G;Chaussures enfants/Garcon/Sandales, nu pieds
VILLE_SANDALE;DPAM;M;"Chaussures enfants/Fille/Sandales, nu pieds;;Chaussures enfants/Garcon/Sandales, nu pieds"
VILLE_SANDALETTE;BEBE;F;Chaussures enfants/Fille/Sandales, nu pieds
VILLE_SANDALETTE;BEBE;G;Chaussures enfants/Garcon/Sandales, nu pieds
VILLE_SANDALETTE;BEBE;M;"Chaussures enfants/Fille/Sandales, nu pieds;;Chaussures enfants/Garcon/Sandales, nu pieds"
VILLE_SANDALETTE;DPAM;F;Chaussures enfants/Fille/Sandales, nu pieds
VILLE_SANDALETTE;DPAM;G;Chaussures enfants/Garcon/Sandales, nu pieds
VILLE_SANDALETTE;DPAM;M;"Chaussures enfants/Fille/Sandales, nu pieds;;Chaussures enfants/Garcon/Sandales, nu pieds"
