famille;age;sexe;attribute_set
ACC CH_CIRAGE;CHAUSSURES;F;Default
ACC CH_CIRAGE;CHAUSSURES;G;Default
ACC CH_CIRAGE;CHAUSSURES;M;Default
ACC CH_CIRAGE;CHAUSSURES;F;Default
ACC CH_CIRAGE;CHAUSSURES;G;Default
ACC CH_CIRAGE;CHAUSSURES;M;Default
ACC CH_IMPERMEA;CHAUSSURES;F;Default
ACC CH_IMPERMEA;CHAUSSURES;G;Default
ACC CH_IMPERMEA;CHAUSSURES;M;Default
ACC CH_IMPERMEA;CHAUSSURES;F;Default
ACC CH_IMPERMEA;CHAUSSURES;G;Default
ACC CH_IMPERMEA;CHAUSSURES;M;Default
ACC CH_PEDIMETR;CHAUSSURES;F;Default
ACC CH_PEDIMETR;CHAUSSURES;G;Default
ACC CH_PEDIMETR;CHAUSSURES;M;Default
ACC CH_PEDIMETR;CHAUSSURES;F;Default
ACC CH_PEDIMETR;CHAUSSURES;G;Default
ACC CH_PEDIMETR;CHAUSSURES;M;Default
ACC CH_SEMELLE;CHAUSSURES;F;Chaussures
ACC CH_SEMELLE;CHAUSSURES;G;Chaussures
ACC CH_SEMELLE;CHAUSSURES;M;Chaussures
ACC CH_SEMELLE;CHAUSSURES;F;Chaussures
ACC CH_SEMELLE;CHAUSSURES;G;Chaussures
ACC CH_SEMELLE;CHAUSSURES;M;Chaussures
ACCESSOIRE;BEBE;F;Default
ACCESSOIRE;BEBE;G;Default
ACCESSOIRE;BEBE;M;Default
ACCESSOIRE;DPAM;F;Default
ACCESSOIRE;DPAM;G;Default
ACCESSOIRE;DPAM;M;Default
ACCESSOIRES CHA;BEBE;F;Default
ACCESSOIRES CHA;BEBE;G;Default
ACCESSOIRES CHA;BEBE;M;Default
ACCESSOIRES CHA;DPAM;F;Default
ACCESSOIRES CHA;DPAM;G;Default
ACCESSOIRES CHA;DPAM;M;Default
ACCESSOIRES DE;BEBE;F;Default
ACCESSOIRES DE;BEBE;G;Default
ACCESSOIRES DE;BEBE;M;Default
ACCESSOIRES DE;DPAM;F;Default
ACCESSOIRES DE;DPAM;G;Default
ACCESSOIRES DE;DPAM;M;Default
ACCESSOIRES POU;BEBE;F;Accessoires Poussettes
ACCESSOIRES POU;BEBE;G;Accessoires Poussettes
ACCESSOIRES POU;BEBE;M;Accessoires Poussettes
ACCESSOIRES POU;DPAM;F;Accessoires Poussettes
ACCESSOIRES POU;DPAM;G;Accessoires Poussettes
ACCESSOIRES POU;DPAM;M;Accessoires Poussettes
ACCESSOIRES REP;BEBE;F;Vaisselle
ACCESSOIRES REP;BEBE;G;Vaisselle
ACCESSOIRES REP;BEBE;M;Vaisselle
ACCESSOIRES REP;DPAM;F;Vaisselle
ACCESSOIRES REP;DPAM;G;Vaisselle
ACCESSOIRES REP;DPAM;M;Vaisselle
ASSIETTE;BEBE;F;Vaisselle
ASSIETTE;BEBE;G;Vaisselle
ASSIETTE;BEBE;M;Vaisselle
ASSIETTE;DPAM;F;Vaisselle
ASSIETTE;DPAM;G;Vaisselle
ASSIETTE;DPAM;M;Vaisselle
BAIGNADE_NU PIE;CHAUSSURES;F;Chaussures
BAIGNADE_NU PIE;CHAUSSURES;G;Chaussures
BAIGNADE_NU PIE;CHAUSSURES;M;Chaussures
BAIGNADE_NU PIE;CHAUSSURES;F;Chaussures
BAIGNADE_NU PIE;CHAUSSURES;G;Chaussures
BAIGNADE_NU PIE;CHAUSSURES;M;Chaussures
BAIGNADE_SANDAL;CHAUSSURES;F;Chaussures
BAIGNADE_SANDAL;CHAUSSURES;G;Chaussures
BAIGNADE_SANDAL;CHAUSSURES;M;Chaussures
BAIGNADE_SANDAL;CHAUSSURES;F;Chaussures
BAIGNADE_SANDAL;CHAUSSURES;G;Chaussures
BAIGNADE_SANDAL;CHAUSSURES;M;Chaussures
BAIGNADE_TONG;CHAUSSURES;F;Chaussures
BAIGNADE_TONG;CHAUSSURES;G;Chaussures
BAIGNADE_TONG;CHAUSSURES;M;Chaussures
BAIGNADE_TONG;CHAUSSURES;F;Chaussures
BAIGNADE_TONG;CHAUSSURES;G;Chaussures
BAIGNADE_TONG;CHAUSSURES;M;Chaussures
BAIGNOIRE;BEBE;F;Hygiène et bain
BAIGNOIRE;BEBE;G;Hygiène et bain
BAIGNOIRE;BEBE;M;Hygiène et bain
BAIGNOIRE;DPAM;F;Hygiène et bain
BAIGNOIRE;DPAM;G;Hygiène et bain
BAIGNOIRE;DPAM;M;Hygiène et bain
BANDEAU;BEBE;F;Vêtements
BANDEAU;BEBE;G;Vêtements
BANDEAU;BEBE;M;Vêtements
BANDEAU;DPAM;F;Vêtements
BANDEAU;DPAM;G;Vêtements
BANDEAU;DPAM;M;Vêtements
BARRETTE;BEBE;F;Default
BARRETTE;BEBE;G;Default
BARRETTE;BEBE;M;Default
BARRETTE;DPAM;F;Default
BARRETTE;DPAM;G;Default
BARRETTE;DPAM;M;Default
BAVOIR;BEBE;F;Textile
BAVOIR;BEBE;G;Textile
BAVOIR;BEBE;M;Textile
BAVOIR;DPAM;F;Textile
BAVOIR;DPAM;G;Textile
BAVOIR;DPAM;M;Textile
BERMUDA;BEBE;F;Vêtements
BERMUDA;BEBE;G;Vêtements
BERMUDA;BEBE;M;Vêtements
BERMUDA;DPAM;F;Vêtements
BERMUDA;DPAM;G;Vêtements
BERMUDA;DPAM;M;Vêtements
BIBERON;BEBE;F;Biberonnerie
BIBERON;BEBE;G;Biberonnerie
BIBERON;BEBE;M;Biberonnerie
BIBERON;DPAM;F;Biberonnerie
BIBERON;DPAM;G;Biberonnerie
BIBERON;DPAM;M;Biberonnerie
BLOOMER;BEBE;F;Vêtements
BLOOMER;BEBE;G;Vêtements
BLOOMER;BEBE;M;Vêtements
BLOOMER;DPAM;F;Vêtements
BLOOMER;DPAM;G;Vêtements
BLOOMER;DPAM;M;Vêtements
BLOUSON;BEBE;F;Vêtements
BLOUSON;BEBE;G;Vêtements
BLOUSON;BEBE;M;Vêtements
BLOUSON;DPAM;F;Vêtements
BLOUSON;DPAM;G;Vêtements
BLOUSON;DPAM;M;Vêtements
BOB;BEBE;F;Vêtements
BOB;BEBE;G;Vêtements
BOB;BEBE;M;Vêtements
BOB;DPAM;F;Vêtements
BOB;DPAM;G;Vêtements
BOB;DPAM;M;Vêtements
BODY;BEBE;F;Vêtements
BODY;BEBE;G;Vêtements
BODY;BEBE;M;Vêtements
BODY;DPAM;F;Vêtements
BODY;DPAM;G;Vêtements
BODY;DPAM;M;Vêtements
BODY SOUS VET;BEBE;F;Vêtements
BODY SOUS VET;BEBE;G;Vêtements
BODY SOUS VET;BEBE;M;Vêtements
BODY SOUS VET;DPAM;F;Vêtements
BODY SOUS VET;DPAM;G;Vêtements
BODY SOUS VET;DPAM;M;Vêtements
BOITE A MUSIQUE;BEBE;F;Jouets
BOITE A MUSIQUE;BEBE;G;Jouets
BOITE A MUSIQUE;BEBE;M;Jouets
BOITE A MUSIQUE;DPAM;F;Jouets
BOITE A MUSIQUE;DPAM;G;Jouets
BOITE A MUSIQUE;DPAM;M;Jouets
BONNET;BEBE;F;Vêtements
BONNET;BEBE;G;Vêtements
BONNET;BEBE;M;Vêtements
BONNET;DPAM;F;Vêtements
BONNET;DPAM;G;Vêtements
BONNET;DPAM;M;Vêtements
BONNET DE BAIN;BEBE;F;Vêtements
BONNET DE BAIN;BEBE;G;Vêtements
BONNET DE BAIN;BEBE;M;Vêtements
BONNET DE BAIN;DPAM;F;Vêtements
BONNET DE BAIN;DPAM;G;Vêtements
BONNET DE BAIN;DPAM;M;Vêtements
BOULIER;BEBE;F;Jouets
BOULIER;BEBE;G;Jouets
BOULIER;BEBE;M;Jouets
BOULIER;DPAM;F;Jouets
BOULIER;DPAM;G;Jouets
BOULIER;DPAM;M;Jouets
BRACELET;BEBE;F;Default
BRACELET;BEBE;G;Default
BRACELET;BEBE;M;Default
BRACELET;DPAM;F;Default
BRACELET;DPAM;G;Default
BRACELET;DPAM;M;Default
BRACELET+COLLIE;BEBE;F;Default
BRACELET+COLLIE;BEBE;G;Default
BRACELET+COLLIE;BEBE;M;Default
BRACELET+COLLIE;DPAM;F;Default
BRACELET+COLLIE;DPAM;G;Default
BRACELET+COLLIE;DPAM;M;Default
CABAN;BEBE;F;Vêtements
CABAN;BEBE;G;Vêtements
CABAN;BEBE;M;Vêtements
CABAN;DPAM;F;Vêtements
CABAN;DPAM;G;Vêtements
CABAN;DPAM;M;Vêtements
CAGOULE;BEBE;F;Vêtements
CAGOULE;BEBE;G;Vêtements
CAGOULE;BEBE;M;Vêtements
CAGOULE;DPAM;F;Vêtements
CAGOULE;DPAM;G;Vêtements
CAGOULE;DPAM;M;Vêtements
CALECON;BEBE;F;Vêtements
CALECON;BEBE;G;Vêtements
CALECON;BEBE;M;Vêtements
CALECON;DPAM;F;Vêtements
CALECON;DPAM;G;Vêtements
CALECON;DPAM;M;Vêtements
CALECON SOUS-VE;BEBE;F;Vêtements
CALECON SOUS-VE;BEBE;G;Vêtements
CALECON SOUS-VE;BEBE;M;Vêtements
CALECON SOUS-VE;DPAM;F;Vêtements
CALECON SOUS-VE;DPAM;G;Vêtements
CALECON SOUS-VE;DPAM;M;Vêtements
CAPE DE BAIN;BEBE;F;Textile
CAPE DE BAIN;BEBE;G;Textile
CAPE DE BAIN;BEBE;M;Textile
CAPE DE BAIN;DPAM;F;Textile
CAPE DE BAIN;DPAM;G;Textile
CAPE DE BAIN;DPAM;M;Textile
CASQUETTE;BEBE;F;Vêtements
CASQUETTE;BEBE;G;Vêtements
CASQUETTE;BEBE;M;Vêtements
CASQUETTE;DPAM;F;Vêtements
CASQUETTE;DPAM;G;Vêtements
CASQUETTE;DPAM;M;Vêtements
CEINTURE;BEBE;F;Vêtements
CEINTURE;BEBE;G;Vêtements
CEINTURE;BEBE;M;Vêtements
CEINTURE;DPAM;F;Vêtements
CEINTURE;DPAM;G;Vêtements
CEINTURE;DPAM;M;Vêtements
CHAISE;BEBE;F;Chaises hautes et Réducteurs
CHAISE;BEBE;G;Chaises hautes et Réducteurs
CHAISE;BEBE;M;Chaises hautes et Réducteurs
CHAISE;DPAM;F;Chaises hautes et Réducteurs
CHAISE;DPAM;G;Chaises hautes et Réducteurs
CHAISE;DPAM;M;Chaises hautes et Réducteurs
CHANCELIERE;BEBE;F;Accessoires Poussettes
CHANCELIERE;BEBE;G;Accessoires Poussettes
CHANCELIERE;BEBE;M;Accessoires Poussettes
CHANCELIERE;DPAM;F;Accessoires Poussettes
CHANCELIERE;DPAM;G;Accessoires Poussettes
CHANCELIERE;DPAM;M;Accessoires Poussettes
CHAPEAU;BEBE;F;Vêtements
CHAPEAU;BEBE;G;Vêtements
CHAPEAU;BEBE;M;Vêtements
CHAPEAU;DPAM;F;Vêtements
CHAPEAU;DPAM;G;Vêtements
CHAPEAU;DPAM;M;Vêtements
CHAPKA;BEBE;F;Vêtements
CHAPKA;BEBE;G;Vêtements
CHAPKA;BEBE;M;Vêtements
CHAPKA;DPAM;F;Vêtements
CHAPKA;DPAM;G;Vêtements
CHAPKA;DPAM;M;Vêtements
CHAUFFE-BIBERON;BEBE;F;Biberonnerie
CHAUFFE-BIBERON;BEBE;G;Biberonnerie
CHAUFFE-BIBERON;BEBE;M;Biberonnerie
CHAUFFE-BIBERON;DPAM;F;Biberonnerie
CHAUFFE-BIBERON;DPAM;G;Biberonnerie
CHAUFFE-BIBERON;DPAM;M;Biberonnerie
CHAUSSETTES;BEBE;F;Chaussures
CHAUSSETTES;BEBE;G;Chaussures
CHAUSSETTES;BEBE;M;Chaussures
CHAUSSETTES;DPAM;F;Chaussures
CHAUSSETTES;DPAM;G;Chaussures
CHAUSSETTES;DPAM;M;Chaussures
CHAUSSON/CHO7;BEBE;F;Chaussures
CHAUSSON/CHO7;BEBE;G;Chaussures
CHAUSSON/CHO7;BEBE;M;Chaussures
CHAUSSON/CHO7;DPAM;F;Chaussures
CHAUSSON/CHO7;DPAM;G;Chaussures
CHAUSSON/CHO7;DPAM;M;Chaussures
CHAUSSONS;BEBE;F;Chaussures
CHAUSSONS;BEBE;G;Chaussures
CHAUSSONS;BEBE;M;Chaussures
CHAUSSONS;DPAM;F;Chaussures
CHAUSSONS;DPAM;G;Chaussures
CHAUSSONS;DPAM;M;Chaussures
CHEMISE;BEBE;F;Vêtements
CHEMISE;BEBE;G;Vêtements
CHEMISE;BEBE;M;Vêtements
CHEMISE;DPAM;F;Vêtements
CHEMISE;DPAM;G;Vêtements
CHEMISE;DPAM;M;Vêtements
CHEMISE DE NUIT;BEBE;F;Vêtements
CHEMISE DE NUIT;BEBE;G;Vêtements
CHEMISE DE NUIT;BEBE;M;Vêtements
CHEMISE DE NUIT;DPAM;F;Vêtements
CHEMISE DE NUIT;DPAM;G;Vêtements
CHEMISE DE NUIT;DPAM;M;Vêtements
CHEMISIER;BEBE;F;Vêtements
CHEMISIER;BEBE;G;Vêtements
CHEMISIER;BEBE;M;Vêtements
CHEMISIER;DPAM;F;Vêtements
CHEMISIER;DPAM;G;Vêtements
CHEMISIER;DPAM;M;Vêtements
CHOU-CHOU;BEBE;F;Default
CHOU-CHOU;BEBE;G;Default
CHOU-CHOU;BEBE;M;Default
CHOU-CHOU;DPAM;F;Default
CHOU-CHOU;DPAM;G;Default
CHOU-CHOU;DPAM;M;Default
COLLANT;BEBE;F;Vêtements
COLLANT;BEBE;G;Vêtements
COLLANT;BEBE;M;Vêtements
COLLANT;DPAM;F;Vêtements
COLLANT;DPAM;G;Vêtements
COLLANT;DPAM;M;Vêtements
COLLIER;BEBE;F;Default
COLLIER;BEBE;G;Default
COLLIER;BEBE;M;Default
COLLIER;DPAM;F;Default
COLLIER;DPAM;G;Default
COLLIER;DPAM;M;Default
COMBINAISON;BEBE;F;Vêtements
COMBINAISON;BEBE;G;Vêtements
COMBINAISON;BEBE;M;Vêtements
COMBINAISON;DPAM;F;Vêtements
COMBINAISON;DPAM;G;Vêtements
COMBINAISON;DPAM;M;Vêtements
COMBINAISON DE;BEBE;F;Vêtements
COMBINAISON DE;BEBE;G;Vêtements
COMBINAISON DE;BEBE;M;Vêtements
COMBINAISON DE;DPAM;F;Vêtements
COMBINAISON DE;DPAM;G;Vêtements
COMBINAISON DE;DPAM;M;Vêtements
COMBINAISON PIL;BEBE;F;Vêtements
COMBINAISON PIL;BEBE;G;Vêtements
COMBINAISON PIL;BEBE;M;Vêtements
COMBINAISON PIL;DPAM;F;Vêtements
COMBINAISON PIL;DPAM;G;Vêtements
COMBINAISON PIL;DPAM;M;Vêtements
CORBEILLE;BEBE;F;Textile
CORBEILLE;BEBE;G;Textile
CORBEILLE;BEBE;M;Textile
CORBEILLE;DPAM;F;Textile
CORBEILLE;DPAM;G;Textile
CORBEILLE;DPAM;M;Textile
CORDON A LUNETT;BEBE;F;Default
CORDON A LUNETT;BEBE;G;Default
CORDON A LUNETT;BEBE;M;Default
CORDON A LUNETT;DPAM;F;Default
CORDON A LUNETT;DPAM;G;Default
CORDON A LUNETT;DPAM;M;Default
COUPE-VENT;BEBE;F;Vêtements
COUPE-VENT;BEBE;G;Vêtements
COUPE-VENT;BEBE;M;Vêtements
COUPE-VENT;DPAM;F;Vêtements
COUPE-VENT;DPAM;G;Vêtements
COUPE-VENT;DPAM;M;Vêtements
COUVERTURE;BEBE;F;Textile
COUVERTURE;BEBE;G;Textile
COUVERTURE;BEBE;M;Textile
COUVERTURE;DPAM;F;Textile
COUVERTURE;DPAM;G;Textile
COUVERTURE;DPAM;M;Textile
CUILLERE;BEBE;F;Vaisselle
CUILLERE;BEBE;G;Vaisselle
CUILLERE;BEBE;M;Vaisselle
CUILLERE;DPAM;F;Vaisselle
CUILLERE;DPAM;G;Vaisselle
CUILLERE;DPAM;M;Vaisselle
CULOTTE DE BAIN;BEBE;F;Vêtements
CULOTTE DE BAIN;BEBE;G;Vêtements
CULOTTE DE BAIN;BEBE;M;Vêtements
CULOTTE DE BAIN;DPAM;F;Vêtements
CULOTTE DE BAIN;DPAM;G;Vêtements
CULOTTE DE BAIN;DPAM;M;Vêtements
DEBARDEUR;BEBE;F;Vêtements
DEBARDEUR;BEBE;G;Vêtements
DEBARDEUR;BEBE;M;Vêtements
DEBARDEUR;DPAM;F;Vêtements
DEBARDEUR;DPAM;G;Vêtements
DEBARDEUR;DPAM;M;Vêtements
DEGUISEMENT;BEBE;F;Vêtements
DEGUISEMENT;BEBE;G;Vêtements
DEGUISEMENT;BEBE;M;Vêtements
DEGUISEMENT;DPAM;F;Vêtements
DEGUISEMENT;DPAM;G;Vêtements
DEGUISEMENT;DPAM;M;Vêtements
DORS-BIEN;BEBE;F;Vêtements
DORS-BIEN;BEBE;G;Vêtements
DORS-BIEN;BEBE;M;Vêtements
DORS-BIEN;DPAM;F;Vêtements
DORS-BIEN;DPAM;G;Vêtements
DORS-BIEN;DPAM;M;Vêtements
DOUDOU;BEBE;F;Jouets
DOUDOU;BEBE;G;Jouets
DOUDOU;BEBE;M;Jouets
DOUDOU;DPAM;F;Jouets
DOUDOU;DPAM;G;Jouets
DOUDOU;DPAM;M;Jouets
DOUDOUNE;BEBE;F;Vêtements
DOUDOUNE;BEBE;G;Vêtements
DOUDOUNE;BEBE;M;Vêtements
DOUDOUNE;DPAM;F;Vêtements
DOUDOUNE;DPAM;G;Vêtements
DOUDOUNE;DPAM;M;Vêtements
DRAP;BEBE;F;Textile
DRAP;BEBE;G;Textile
DRAP;BEBE;M;Textile
DRAP;DPAM;F;Textile
DRAP;DPAM;G;Textile
DRAP;DPAM;M;Textile
DRAP DE BAIN;BEBE;F;Textile
DRAP DE BAIN;BEBE;G;Textile
DRAP DE BAIN;BEBE;M;Textile
DRAP DE BAIN;DPAM;F;Textile
DRAP DE BAIN;DPAM;G;Textile
DRAP DE BAIN;DPAM;M;Textile
ECHARPE;BEBE;F;Vêtements
ECHARPE;BEBE;G;Vêtements
ECHARPE;BEBE;M;Vêtements
ECHARPE;DPAM;F;Vêtements
ECHARPE;DPAM;G;Vêtements
ECHARPE;DPAM;M;Vêtements
EDREDON;BEBE;F;Textile
EDREDON;BEBE;G;Textile
EDREDON;BEBE;M;Textile
EDREDON;DPAM;F;Textile
EDREDON;DPAM;G;Textile
EDREDON;DPAM;M;Textile
ENSEMBLE;BEBE;F;Vêtements
ENSEMBLE;BEBE;G;Vêtements
ENSEMBLE;BEBE;M;Vêtements
ENSEMBLE;DPAM;F;Vêtements
ENSEMBLE;DPAM;G;Vêtements
ENSEMBLE;DPAM;M;Vêtements
ENSEMBLE DE PLA;BEBE;F;Vêtements
ENSEMBLE DE PLA;BEBE;G;Vêtements
ENSEMBLE DE PLA;BEBE;M;Vêtements
ENSEMBLE DE PLA;DPAM;F;Vêtements
ENSEMBLE DE PLA;DPAM;G;Vêtements
ENSEMBLE DE PLA;DPAM;M;Vêtements
ENSEMBLE SOUS V;BEBE;F;Vêtements
ENSEMBLE SOUS V;BEBE;G;Vêtements
ENSEMBLE SOUS V;BEBE;M;Vêtements
ENSEMBLE SOUS V;DPAM;F;Vêtements
ENSEMBLE SOUS V;DPAM;G;Vêtements
ENSEMBLE SOUS V;DPAM;M;Vêtements
ENTOURAGE DE LI;BEBE;F;Textile
ENTOURAGE DE LI;BEBE;G;Textile
ENTOURAGE DE LI;BEBE;M;Textile
ENTOURAGE DE LI;DPAM;F;Textile
ENTOURAGE DE LI;DPAM;G;Textile
ENTOURAGE DE LI;DPAM;M;Textile
ETUI A LUNETTES;BEBE;F;Default
ETUI A LUNETTES;BEBE;G;Default
ETUI A LUNETTES;BEBE;M;Default
ETUI A LUNETTES;DPAM;F;Default
ETUI A LUNETTES;DPAM;G;Default
ETUI A LUNETTES;DPAM;M;Default
FOULARD;BEBE;F;Vêtements
FOULARD;BEBE;G;Vêtements
FOULARD;BEBE;M;Vêtements
FOULARD;DPAM;F;Vêtements
FOULARD;DPAM;G;Vêtements
FOULARD;DPAM;M;Vêtements
GANT DE TOILETT;BEBE;F;Textile
GANT DE TOILETT;BEBE;G;Textile
GANT DE TOILETT;BEBE;M;Textile
GANT DE TOILETT;DPAM;F;Textile
GANT DE TOILETT;DPAM;G;Textile
GANT DE TOILETT;DPAM;M;Textile
GANTS;BEBE;F;Vêtements
GANTS;BEBE;G;Vêtements
GANTS;BEBE;M;Vêtements
GANTS;DPAM;F;Vêtements
GANTS;DPAM;G;Vêtements
GANTS;DPAM;M;Vêtements
GIGOTEUSE;BEBE;F;Textile
GIGOTEUSE;BEBE;G;Textile
GIGOTEUSE;BEBE;M;Textile
GIGOTEUSE;DPAM;F;Textile
GIGOTEUSE;DPAM;G;Textile
GIGOTEUSE;DPAM;M;Textile
GILET;BEBE;F;Vêtements
GILET;BEBE;G;Vêtements
GILET;BEBE;M;Vêtements
GILET;DPAM;F;Vêtements
GILET;DPAM;G;Vêtements
GILET;DPAM;M;Vêtements
HABILLAGE PLUIE;BEBE;F;Accessoires Poussettes
HABILLAGE PLUIE;BEBE;G;Accessoires Poussettes
HABILLAGE PLUIE;BEBE;M;Accessoires Poussettes
HABILLAGE PLUIE;DPAM;F;Accessoires Poussettes
HABILLAGE PLUIE;DPAM;G;Accessoires Poussettes
HABILLAGE PLUIE;DPAM;M;Accessoires Poussettes
HOCHET;BEBE;F;Jouets
HOCHET;BEBE;G;Jouets
HOCHET;BEBE;M;Jouets
HOCHET;DPAM;F;Jouets
HOCHET;DPAM;G;Jouets
HOCHET;DPAM;M;Jouets
HOUSSE A LANGER;BEBE;F;Textile
HOUSSE A LANGER;BEBE;G;Textile
HOUSSE A LANGER;BEBE;M;Textile
HOUSSE A LANGER;DPAM;F;Textile
HOUSSE A LANGER;DPAM;G;Textile
HOUSSE A LANGER;DPAM;M;Textile
IMPERMEABLE;BEBE;F;Vêtements
IMPERMEABLE;BEBE;G;Vêtements
IMPERMEABLE;BEBE;M;Vêtements
IMPERMEABLE;DPAM;F;Vêtements
IMPERMEABLE;DPAM;G;Vêtements
IMPERMEABLE;DPAM;M;Vêtements
JEAN'S;BEBE;F;Vêtements
JEAN'S;BEBE;G;Vêtements
JEAN'S;BEBE;M;Vêtements
JEAN'S;DPAM;F;Vêtements
JEAN'S;DPAM;G;Vêtements
JEAN'S;DPAM;M;Vêtements
JEUX;BEBE;F;Jouets
JEUX;BEBE;G;Jouets
JEUX;BEBE;M;Jouets
JEUX;DPAM;F;Jouets
JEUX;DPAM;G;Jouets
JEUX;DPAM;M;Jouets
JOGGING;BEBE;F;Vêtements
JOGGING;BEBE;G;Vêtements
JOGGING;BEBE;M;Vêtements
JOGGING;DPAM;F;Vêtements
JOGGING;DPAM;G;Vêtements
JOGGING;DPAM;M;Vêtements
JOUET DIVERS;BEBE;F;Jouets
JOUET DIVERS;BEBE;G;Jouets
JOUET DIVERS;BEBE;M;Jouets
JOUET DIVERS;DPAM;F;Jouets
JOUET DIVERS;DPAM;G;Jouets
JOUET DIVERS;DPAM;M;Jouets
JUPE;BEBE;F;Vêtements
JUPE;BEBE;G;Vêtements
JUPE;BEBE;M;Vêtements
JUPE;DPAM;F;Vêtements
JUPE;DPAM;G;Vêtements
JUPE;DPAM;M;Vêtements
LANGE;BEBE;F;Textile
LANGE;BEBE;G;Textile
LANGE;BEBE;M;Textile
LANGE;DPAM;F;Textile
LANGE;DPAM;G;Textile
LANGE;DPAM;M;Textile
LIT D'APPOINT;BEBE;F;Mobilier
LIT D'APPOINT;BEBE;G;Mobilier
LIT D'APPOINT;BEBE;M;Mobilier
LIT D'APPOINT;DPAM;F;Mobilier
LIT D'APPOINT;DPAM;G;Mobilier
LIT D'APPOINT;DPAM;M;Mobilier
LIVRE;BEBE;F;Livres
LIVRE;BEBE;G;Livres
LIVRE;BEBE;M;Livres
LIVRE;DPAM;F;Livres
LIVRE;DPAM;G;Livres
LIVRE;DPAM;M;Livres
LOT DE CHAUSSET;BEBE;F;Vêtements
LOT DE CHAUSSET;BEBE;G;Vêtements
LOT DE CHAUSSET;BEBE;M;Vêtements
LOT DE CHAUSSET;DPAM;F;Vêtements
LOT DE CHAUSSET;DPAM;G;Vêtements
LOT DE CHAUSSET;DPAM;M;Vêtements
LOT DE CULOTTES;BEBE;F;Vêtements
LOT DE CULOTTES;BEBE;G;Vêtements
LOT DE CULOTTES;BEBE;M;Vêtements
LOT DE CULOTTES;DPAM;F;Vêtements
LOT DE CULOTTES;DPAM;G;Vêtements
LOT DE CULOTTES;DPAM;M;Vêtements
LOT DE SHORTYS;BEBE;F;Vêtements
LOT DE SHORTYS;BEBE;G;Vêtements
LOT DE SHORTYS;BEBE;M;Vêtements
LOT DE SHORTYS;DPAM;F;Vêtements
LOT DE SHORTYS;DPAM;G;Vêtements
LOT DE SHORTYS;DPAM;M;Vêtements
LOT DE SLIPS;BEBE;F;Vêtements
LOT DE SLIPS;BEBE;G;Vêtements
LOT DE SLIPS;BEBE;M;Vêtements
LOT DE SLIPS;DPAM;F;Vêtements
LOT DE SLIPS;DPAM;G;Vêtements
LOT DE SLIPS;DPAM;M;Vêtements
LOT DE TSHIRTS;BEBE;F;Vêtements
LOT DE TSHIRTS;BEBE;G;Vêtements
LOT DE TSHIRTS;BEBE;M;Vêtements
LOT DE TSHIRTS;DPAM;F;Vêtements
LOT DE TSHIRTS;DPAM;G;Vêtements
LOT DE TSHIRTS;DPAM;M;Vêtements
LOT DEBARDEURS;BEBE;F;Vêtements
LOT DEBARDEURS;BEBE;G;Vêtements
LOT DEBARDEURS;BEBE;M;Vêtements
LOT DEBARDEURS;DPAM;F;Vêtements
LOT DEBARDEURS;DPAM;G;Vêtements
LOT DEBARDEURS;DPAM;M;Vêtements
LUNETTES DE SOL;BEBE;F;Lunettes
LUNETTES DE SOL;BEBE;G;Lunettes
LUNETTES DE SOL;BEBE;M;Lunettes
LUNETTES DE SOL;DPAM;F;Lunettes
LUNETTES DE SOL;DPAM;G;Lunettes
LUNETTES DE SOL;DPAM;M;Lunettes
LUNETTES PISCIN;BEBE;F;Lunettes
LUNETTES PISCIN;BEBE;G;Lunettes
LUNETTES PISCIN;BEBE;M;Lunettes
LUNETTES PISCIN;DPAM;F;Lunettes
LUNETTES PISCIN;DPAM;G;Lunettes
LUNETTES PISCIN;DPAM;M;Lunettes
MAILLOT DE BAIN;BEBE;F;Vêtements
MAILLOT DE BAIN;BEBE;G;Vêtements
MAILLOT DE BAIN;BEBE;M;Vêtements
MAILLOT DE BAIN;DPAM;F;Vêtements
MAILLOT DE BAIN;DPAM;G;Vêtements
MAILLOT DE BAIN;DPAM;M;Vêtements
MANTEAU;BEBE;F;Vêtements
MANTEAU;BEBE;G;Vêtements
MANTEAU;BEBE;M;Vêtements
MANTEAU;DPAM;F;Vêtements
MANTEAU;DPAM;G;Vêtements
MANTEAU;DPAM;M;Vêtements
MIXEUR;BEBE;F;Electroménager
MIXEUR;BEBE;G;Electroménager
MIXEUR;BEBE;M;Electroménager
MIXEUR;DPAM;F;Electroménager
MIXEUR;DPAM;G;Electroménager
MIXEUR;DPAM;M;Electroménager
MOBILE;BEBE;F;Jouets
MOBILE;BEBE;G;Jouets
MOBILE;BEBE;M;Jouets
MOBILE;DPAM;F;Jouets
MOBILE;DPAM;G;Jouets
MOBILE;DPAM;M;Jouets
MONTAGNE_BOTTE;CHAUSSURES;F;Chaussures
MONTAGNE_BOTTE;CHAUSSURES;G;Chaussures
MONTAGNE_BOTTE;CHAUSSURES;M;Chaussures
MONTAGNE_BOTTE;CHAUSSURES;F;Chaussures
MONTAGNE_BOTTE;CHAUSSURES;G;Chaussures
MONTAGNE_BOTTE;CHAUSSURES;M;Chaussures
MOUFLES;BEBE;F;Vêtements
MOUFLES;BEBE;G;Vêtements
MOUFLES;BEBE;M;Vêtements
MOUFLES;DPAM;F;Vêtements
MOUFLES;DPAM;G;Vêtements
MOUFLES;DPAM;M;Vêtements
NID D'ANGE;BEBE;F;Textile
NID D'ANGE;BEBE;G;Textile
NID D'ANGE;BEBE;M;Textile
NID D'ANGE;DPAM;F;Textile
NID D'ANGE;DPAM;G;Textile
NID D'ANGE;DPAM;M;Textile
OMBRELLE;BEBE;F;Accessoires Poussettes
OMBRELLE;BEBE;G;Accessoires Poussettes
OMBRELLE;BEBE;M;Accessoires Poussettes
OMBRELLE;DPAM;F;Accessoires Poussettes
OMBRELLE;DPAM;G;Accessoires Poussettes
OMBRELLE;DPAM;M;Accessoires Poussettes
PANTALON;BEBE;F;Vêtements
PANTALON;BEBE;G;Vêtements
PANTALON;BEBE;M;Vêtements
PANTALON;DPAM;F;Vêtements
PANTALON;DPAM;G;Vêtements
PANTALON;DPAM;M;Vêtements
PANTALON DE JOG;BEBE;F;Vêtements
PANTALON DE JOG;BEBE;G;Vêtements
PANTALON DE JOG;BEBE;M;Vêtements
PANTALON DE JOG;DPAM;F;Vêtements
PANTALON DE JOG;DPAM;G;Vêtements
PANTALON DE JOG;DPAM;M;Vêtements
PANTALON DE SKI;BEBE;F;Vêtements
PANTALON DE SKI;BEBE;G;Vêtements
PANTALON DE SKI;BEBE;M;Vêtements
PANTALON DE SKI;DPAM;F;Vêtements
PANTALON DE SKI;DPAM;G;Vêtements
PANTALON DE SKI;DPAM;M;Vêtements
PANTOUFLE_BABIE;CHAUSSURES;F;Chaussures
PANTOUFLE_BABIE;CHAUSSURES;G;Chaussures
PANTOUFLE_BABIE;CHAUSSURES;M;Chaussures
PANTOUFLE_BABIE;CHAUSSURES;F;Chaussures
PANTOUFLE_BABIE;CHAUSSURES;G;Chaussures
PANTOUFLE_BABIE;CHAUSSURES;M;Chaussures
PANTOUFLE_BALLE;CHAUSSURES;F;Chaussures
PANTOUFLE_BALLE;CHAUSSURES;G;Chaussures
PANTOUFLE_BALLE;CHAUSSURES;M;Chaussures
PANTOUFLE_BALLE;CHAUSSURES;F;Chaussures
PANTOUFLE_BALLE;CHAUSSURES;G;Chaussures
PANTOUFLE_BALLE;CHAUSSURES;M;Chaussures
PANTOUFLE_BOTTI;CHAUSSURES;F;Chaussures
PANTOUFLE_BOTTI;CHAUSSURES;G;Chaussures
PANTOUFLE_BOTTI;CHAUSSURES;M;Chaussures
PANTOUFLE_BOTTI;CHAUSSURES;F;Chaussures
PANTOUFLE_BOTTI;CHAUSSURES;G;Chaussures
PANTOUFLE_BOTTI;CHAUSSURES;M;Chaussures
PANTOUFLE_CHAUS;CHAUSSURES;F;Chaussures
PANTOUFLE_CHAUS;CHAUSSURES;G;Chaussures
PANTOUFLE_CHAUS;CHAUSSURES;M;Chaussures
PANTOUFLE_CHAUS;CHAUSSURES;F;Chaussures
PANTOUFLE_CHAUS;CHAUSSURES;G;Chaussures
PANTOUFLE_CHAUS;CHAUSSURES;M;Chaussures
PANTOUFLE_LAYET;CHAUSSURES;F;Chaussures
PANTOUFLE_LAYET;CHAUSSURES;G;Chaussures
PANTOUFLE_LAYET;CHAUSSURES;M;Chaussures
PANTOUFLE_LAYET;CHAUSSURES;F;Chaussures
PANTOUFLE_LAYET;CHAUSSURES;G;Chaussures
PANTOUFLE_LAYET;CHAUSSURES;M;Chaussures
PANTOUFLE_MULE;CHAUSSURES;F;Chaussures
PANTOUFLE_MULE;CHAUSSURES;G;Chaussures
PANTOUFLE_MULE;CHAUSSURES;M;Chaussures
PANTOUFLE_MULE;CHAUSSURES;F;Chaussures
PANTOUFLE_MULE;CHAUSSURES;G;Chaussures
PANTOUFLE_MULE;CHAUSSURES;M;Chaussures
PANTOUFLE_SALOM;CHAUSSURES;F;Chaussures
PANTOUFLE_SALOM;CHAUSSURES;G;Chaussures
PANTOUFLE_SALOM;CHAUSSURES;M;Chaussures
PANTOUFLE_SALOM;CHAUSSURES;F;Chaussures
PANTOUFLE_SALOM;CHAUSSURES;G;Chaussures
PANTOUFLE_SALOM;CHAUSSURES;M;Chaussures
PANTOUFLE_SANS;CHAUSSURES;F;Chaussures
PANTOUFLE_SANS;CHAUSSURES;G;Chaussures
PANTOUFLE_SANS;CHAUSSURES;M;Chaussures
PANTOUFLE_SANS;CHAUSSURES;F;Chaussures
PANTOUFLE_SANS;CHAUSSURES;G;Chaussures
PANTOUFLE_SANS;CHAUSSURES;M;Chaussures
PARAPLUIE;BEBE;F;Default
PARAPLUIE;BEBE;G;Default
PARAPLUIE;BEBE;M;Default
PARAPLUIE;DPAM;F;Default
PARAPLUIE;DPAM;G;Default
PARAPLUIE;DPAM;M;Default
PARC;BEBE;F;Mobilier
PARC;BEBE;G;Mobilier
PARC;BEBE;M;Mobilier
PARC;DPAM;F;Mobilier
PARC;DPAM;G;Mobilier
PARC;DPAM;M;Mobilier
PARKA;BEBE;F;Vêtements
PARKA;BEBE;G;Vêtements
PARKA;BEBE;M;Vêtements
PARKA;DPAM;F;Vêtements
PARKA;DPAM;G;Vêtements
PARKA;DPAM;M;Vêtements
PARKA DE SKI;BEBE;F;Vêtements
PARKA DE SKI;BEBE;G;Vêtements
PARKA DE SKI;BEBE;M;Vêtements
PARKA DE SKI;DPAM;F;Vêtements
PARKA DE SKI;DPAM;G;Vêtements
PARKA DE SKI;DPAM;M;Vêtements
PEIGNOIR;BEBE;F;Vêtements
PEIGNOIR;BEBE;G;Vêtements
PEIGNOIR;BEBE;M;Vêtements
PEIGNOIR;DPAM;F;Vêtements
PEIGNOIR;DPAM;G;Vêtements
PEIGNOIR;DPAM;M;Vêtements
PELUCHE;BEBE;F;Jouets
PELUCHE;BEBE;G;Jouets
PELUCHE;BEBE;M;Jouets
PELUCHE;DPAM;F;Jouets
PELUCHE;DPAM;G;Jouets
PELUCHE;DPAM;M;Jouets
PLUIE_BOTTE;CHAUSSURES;F;Chaussures
PLUIE_BOTTE;CHAUSSURES;G;Chaussures
PLUIE_BOTTE;CHAUSSURES;M;Chaussures
PLUIE_BOTTE;CHAUSSURES;F;Chaussures
PLUIE_BOTTE;CHAUSSURES;G;Chaussures
PLUIE_BOTTE;CHAUSSURES;M;Chaussures
POLO;BEBE;F;Vêtements
POLO;BEBE;G;Vêtements
POLO;BEBE;M;Vêtements
POLO;DPAM;F;Vêtements
POLO;DPAM;G;Vêtements
POLO;DPAM;M;Vêtements
PORTE BEBE;BEBE;F;Portage
PORTE BEBE;BEBE;G;Portage
PORTE BEBE;BEBE;M;Portage
PORTE BEBE;DPAM;F;Portage
PORTE BEBE;DPAM;G;Portage
PORTE BEBE;DPAM;M;Portage
PORTE-COUCHES;BEBE;F;Textile
PORTE-COUCHES;BEBE;G;Textile
PORTE-COUCHES;BEBE;M;Textile
PORTE-COUCHES;DPAM;F;Textile
PORTE-COUCHES;DPAM;G;Textile
PORTE-COUCHES;DPAM;M;Textile
POUSSETTE;BEBE;F;Poussettes
POUSSETTE;BEBE;G;Poussettes
POUSSETTE;BEBE;M;Poussettes
POUSSETTE;DPAM;F;Poussettes
POUSSETTE;DPAM;G;Poussettes
POUSSETTE;DPAM;M;Poussettes
PROTEGE CARNET;BEBE;F;Textile
PROTEGE CARNET;BEBE;G;Textile
PROTEGE CARNET;BEBE;M;Textile
PROTEGE CARNET;DPAM;F;Textile
PROTEGE CARNET;DPAM;G;Textile
PROTEGE CARNET;DPAM;M;Textile
PULL;BEBE;F;Vêtements
PULL;BEBE;G;Vêtements
PULL;BEBE;M;Vêtements
PULL;DPAM;F;Vêtements
PULL;DPAM;G;Vêtements
PULL;DPAM;M;Vêtements
PYJAMA;BEBE;F;Vêtements
PYJAMA;BEBE;G;Vêtements
PYJAMA;BEBE;M;Vêtements
PYJAMA;DPAM;F;Vêtements
PYJAMA;DPAM;G;Vêtements
PYJAMA;DPAM;M;Vêtements
ROBE;BEBE;F;Vêtements
ROBE;BEBE;G;Vêtements
ROBE;BEBE;M;Vêtements
ROBE;DPAM;F;Vêtements
ROBE;DPAM;G;Vêtements
ROBE;DPAM;M;Vêtements
ROBE DE CHAMBRE;BEBE;F;Vêtements
ROBE DE CHAMBRE;BEBE;G;Vêtements
ROBE DE CHAMBRE;BEBE;M;Vêtements
ROBE DE CHAMBRE;DPAM;F;Vêtements
ROBE DE CHAMBRE;DPAM;G;Vêtements
ROBE DE CHAMBRE;DPAM;M;Vêtements
ROBE DE PLAGE;BEBE;F;Vêtements
ROBE DE PLAGE;BEBE;G;Vêtements
ROBE DE PLAGE;BEBE;M;Vêtements
ROBE DE PLAGE;DPAM;F;Vêtements
ROBE DE PLAGE;DPAM;G;Vêtements
ROBE DE PLAGE;DPAM;M;Vêtements
ROBE+BLOOMER;BEBE;F;Vêtements
ROBE+BLOOMER;BEBE;G;Vêtements
ROBE+BLOOMER;BEBE;M;Vêtements
ROBE+BLOOMER;DPAM;F;Vêtements
ROBE+BLOOMER;DPAM;G;Vêtements
ROBE+BLOOMER;DPAM;M;Vêtements
SAC;BEBE;F;Bagagerie
SAC;BEBE;G;Bagagerie
SAC;BEBE;M;Bagagerie
SAC;DPAM;F;Bagagerie
SAC;DPAM;G;Bagagerie
SAC;DPAM;M;Bagagerie
SAC A DOS;BEBE;F;Bagagerie
SAC A DOS;BEBE;G;Bagagerie
SAC A DOS;BEBE;M;Bagagerie
SAC A DOS;DPAM;F;Bagagerie
SAC A DOS;DPAM;G;Bagagerie
SAC A DOS;DPAM;M;Bagagerie
SAC A LANGER;BEBE;F;Bagagerie
SAC A LANGER;BEBE;G;Bagagerie
SAC A LANGER;BEBE;M;Bagagerie
SAC A LANGER;DPAM;F;Bagagerie
SAC A LANGER;DPAM;G;Bagagerie
SAC A LANGER;DPAM;M;Bagagerie
SAC DE COUCHAGE;BEBE;F;Bagagerie
SAC DE COUCHAGE;BEBE;G;Bagagerie
SAC DE COUCHAGE;BEBE;M;Bagagerie
SAC DE COUCHAGE;DPAM;F;Bagagerie
SAC DE COUCHAGE;DPAM;G;Bagagerie
SAC DE COUCHAGE;DPAM;M;Bagagerie
SAC ISOTHERME;BEBE;F;Bagagerie
SAC ISOTHERME;BEBE;G;Bagagerie
SAC ISOTHERME;BEBE;M;Bagagerie
SAC ISOTHERME;DPAM;F;Bagagerie
SAC ISOTHERME;DPAM;G;Bagagerie
SAC ISOTHERME;DPAM;M;Bagagerie
SALOPETTE;BEBE;F;Vêtements
SALOPETTE;BEBE;G;Vêtements
SALOPETTE;BEBE;M;Vêtements
SALOPETTE;DPAM;F;Vêtements
SALOPETTE;DPAM;G;Vêtements
SALOPETTE;DPAM;M;Vêtements
SERRE-TETE;BEBE;F;Default
SERRE-TETE;BEBE;G;Default
SERRE-TETE;BEBE;M;Default
SERRE-TETE;DPAM;F;Default
SERRE-TETE;DPAM;G;Default
SERRE-TETE;DPAM;M;Default
SERVIETTE DE TO;BEBE;F;Textile
SERVIETTE DE TO;BEBE;G;Textile
SERVIETTE DE TO;BEBE;M;Textile
SERVIETTE DE TO;DPAM;F;Textile
SERVIETTE DE TO;DPAM;G;Textile
SERVIETTE DE TO;DPAM;M;Textile
SHORT;BEBE;F;Vêtements
SHORT;BEBE;G;Vêtements
SHORT;BEBE;M;Vêtements
SHORT;DPAM;F;Vêtements
SHORT;DPAM;G;Vêtements
SHORT;DPAM;M;Vêtements
SIEGE AUTO;BEBE;F;Sièges auto
SIEGE AUTO;BEBE;G;Sièges auto
SIEGE AUTO;BEBE;M;Sièges auto
SIEGE AUTO;DPAM;F;Sièges auto
SIEGE AUTO;DPAM;G;Sièges auto
SIEGE AUTO;DPAM;M;Sièges auto
SLIP DE BAIN;BEBE;F;Vêtements
SLIP DE BAIN;BEBE;G;Vêtements
SLIP DE BAIN;BEBE;M;Vêtements
SLIP DE BAIN;DPAM;F;Vêtements
SLIP DE BAIN;DPAM;G;Vêtements
SLIP DE BAIN;DPAM;M;Vêtements
SOUS-PULL;BEBE;F;Vêtements
SOUS-PULL;BEBE;G;Vêtements
SOUS-PULL;BEBE;M;Vêtements
SOUS-PULL;DPAM;F;Vêtements
SOUS-PULL;DPAM;G;Vêtements
SOUS-PULL;DPAM;M;Vêtements
SPORT_CLASSIC;CHAUSSURES;F;Chaussures
SPORT_CLASSIC;CHAUSSURES;G;Chaussures
SPORT_CLASSIC;CHAUSSURES;M;Chaussures
SPORT_CLASSIC;CHAUSSURES;F;Chaussures
SPORT_CLASSIC;CHAUSSURES;G;Chaussures
SPORT_CLASSIC;CHAUSSURES;M;Chaussures
SPORT_SANDALE;CHAUSSURES;F;Chaussures
SPORT_SANDALE;CHAUSSURES;G;Chaussures
SPORT_SANDALE;CHAUSSURES;M;Chaussures
SPORT_SANDALE;CHAUSSURES;F;Chaussures
SPORT_SANDALE;CHAUSSURES;G;Chaussures
SPORT_SANDALE;CHAUSSURES;M;Chaussures
SPORT_TENNIS;CHAUSSURES;F;Chaussures
SPORT_TENNIS;CHAUSSURES;G;Chaussures
SPORT_TENNIS;CHAUSSURES;M;Chaussures
SPORT_TENNIS;CHAUSSURES;F;Chaussures
SPORT_TENNIS;CHAUSSURES;G;Chaussures
SPORT_TENNIS;CHAUSSURES;M;Chaussures
STERILISATEUR;BEBE;F;Biberonnerie
STERILISATEUR;BEBE;G;Biberonnerie
STERILISATEUR;BEBE;M;Biberonnerie
STERILISATEUR;DPAM;F;Biberonnerie
STERILISATEUR;DPAM;G;Biberonnerie
STERILISATEUR;DPAM;M;Biberonnerie
SUCETTES;BEBE;F;Biberonnerie
SUCETTES;BEBE;G;Biberonnerie
SUCETTES;BEBE;M;Biberonnerie
SUCETTES;DPAM;F;Biberonnerie
SUCETTES;DPAM;G;Biberonnerie
SUCETTES;DPAM;M;Biberonnerie
SUR-PYJAMA;BEBE;F;Vêtements
SUR-PYJAMA;BEBE;G;Vêtements
SUR-PYJAMA;BEBE;M;Vêtements
SUR-PYJAMA;DPAM;F;Vêtements
SUR-PYJAMA;DPAM;G;Vêtements
SUR-PYJAMA;DPAM;M;Vêtements
SWEAT;BEBE;F;Vêtements
SWEAT;BEBE;G;Vêtements
SWEAT;BEBE;M;Vêtements
SWEAT;DPAM;F;Vêtements
SWEAT;DPAM;G;Vêtements
SWEAT;DPAM;M;Vêtements
TABLIER;BEBE;F;Vêtements
TABLIER;BEBE;G;Vêtements
TABLIER;BEBE;M;Vêtements
TABLIER;DPAM;F;Vêtements
TABLIER;DPAM;G;Vêtements
TABLIER;DPAM;M;Vêtements
TAPIS D'EVEIL;BEBE;F;Jouets
TAPIS D'EVEIL;BEBE;G;Jouets
TAPIS D'EVEIL;BEBE;M;Jouets
TAPIS D'EVEIL;DPAM;F;Jouets
TAPIS D'EVEIL;DPAM;G;Jouets
TAPIS D'EVEIL;DPAM;M;Jouets
TEE-SHIRT;BEBE;F;Vêtements
TEE-SHIRT;BEBE;G;Vêtements
TEE-SHIRT;BEBE;M;Vêtements
TEE-SHIRT;DPAM;F;Vêtements
TEE-SHIRT;DPAM;G;Vêtements
TEE-SHIRT;DPAM;M;Vêtements
TETINE;BEBE;F;Biberonnerie
TETINE;BEBE;G;Biberonnerie
TETINE;BEBE;M;Biberonnerie
TETINE;DPAM;F;Biberonnerie
TETINE;DPAM;G;Biberonnerie
TETINE;DPAM;M;Biberonnerie
THERMOMETRE;BEBE;F;Hygiène et bain
THERMOMETRE;BEBE;G;Hygiène et bain
THERMOMETRE;BEBE;M;Hygiène et bain
THERMOMETRE;DPAM;F;Hygiène et bain
THERMOMETRE;DPAM;G;Hygiène et bain
THERMOMETRE;DPAM;M;Hygiène et bain
TIRE LAIT;BEBE;F;Biberonnerie
TIRE LAIT;BEBE;G;Biberonnerie
TIRE LAIT;BEBE;M;Biberonnerie
TIRE LAIT;DPAM;F;Biberonnerie
TIRE LAIT;DPAM;G;Biberonnerie
TIRE LAIT;DPAM;M;Biberonnerie
TOILE_BABIES;CHAUSSURES;F;Chaussures
TOILE_BABIES;CHAUSSURES;G;Chaussures
TOILE_BABIES;CHAUSSURES;M;Chaussures
TOILE_BABIES;CHAUSSURES;F;Chaussures
TOILE_BABIES;CHAUSSURES;G;Chaussures
TOILE_BABIES;CHAUSSURES;M;Chaussures
TOILE_BALLERINE;CHAUSSURES;F;Chaussures
TOILE_BALLERINE;CHAUSSURES;G;Chaussures
TOILE_BALLERINE;CHAUSSURES;M;Chaussures
TOILE_BALLERINE;CHAUSSURES;F;Chaussures
TOILE_BALLERINE;CHAUSSURES;G;Chaussures
TOILE_BALLERINE;CHAUSSURES;M;Chaussures
TOILE_BASKET;CHAUSSURES;F;Chaussures
TOILE_BASKET;CHAUSSURES;G;Chaussures
TOILE_BASKET;CHAUSSURES;M;Chaussures
TOILE_BASKET;CHAUSSURES;F;Chaussures
TOILE_BASKET;CHAUSSURES;G;Chaussures
TOILE_BASKET;CHAUSSURES;M;Chaussures
TOILE_ESPADRILL;CHAUSSURES;F;Chaussures
TOILE_ESPADRILL;CHAUSSURES;G;Chaussures
TOILE_ESPADRILL;CHAUSSURES;M;Chaussures
TOILE_ESPADRILL;CHAUSSURES;F;Chaussures
TOILE_ESPADRILL;CHAUSSURES;G;Chaussures
TOILE_ESPADRILL;CHAUSSURES;M;Chaussures
TOILE_SALOME;CHAUSSURES;F;Chaussures
TOILE_SALOME;CHAUSSURES;G;Chaussures
TOILE_SALOME;CHAUSSURES;M;Chaussures
TOILE_SALOME;CHAUSSURES;F;Chaussures
TOILE_SALOME;CHAUSSURES;G;Chaussures
TOILE_SALOME;CHAUSSURES;M;Chaussures
TOILE_TENNIS;CHAUSSURES;F;Chaussures
TOILE_TENNIS;CHAUSSURES;G;Chaussures
TOILE_TENNIS;CHAUSSURES;M;Chaussures
TOILE_TENNIS;CHAUSSURES;F;Chaussures
TOILE_TENNIS;CHAUSSURES;G;Chaussures
TOILE_TENNIS;CHAUSSURES;M;Chaussures
TRANSAT;BEBE;F;Berceaux couffins et nacelles
TRANSAT;BEBE;G;Berceaux couffins et nacelles
TRANSAT;BEBE;M;Berceaux couffins et nacelles
TRANSAT;DPAM;F;Berceaux couffins et nacelles
TRANSAT;DPAM;G;Berceaux couffins et nacelles
TRANSAT;DPAM;M;Berceaux couffins et nacelles
TRANSAT DE BAIN;BEBE;F;Hygiène et bain
TRANSAT DE BAIN;BEBE;G;Hygiène et bain
TRANSAT DE BAIN;BEBE;M;Hygiène et bain
TRANSAT DE BAIN;DPAM;F;Hygiène et bain
TRANSAT DE BAIN;DPAM;G;Hygiène et bain
TRANSAT DE BAIN;DPAM;M;Hygiène et bain
TROUSSE;BEBE;F;Textile
TROUSSE;BEBE;G;Textile
TROUSSE;BEBE;M;Textile
TROUSSE;DPAM;F;Textile
TROUSSE;DPAM;G;Textile
TROUSSE;DPAM;M;Textile
TROUSSEAU;BEBE;F;Textile
TROUSSEAU;BEBE;G;Textile
TROUSSEAU;BEBE;M;Textile
TROUSSEAU;DPAM;F;Textile
TROUSSEAU;DPAM;G;Textile
TROUSSEAU;DPAM;M;Textile
VANITY;BEBE;F;Textile
VANITY;BEBE;G;Textile
VANITY;BEBE;M;Textile
VANITY;DPAM;F;Textile
VANITY;DPAM;G;Textile
VANITY;DPAM;M;Textile
VEILLE BB;BEBE;F;Electroménager
VEILLE BB;BEBE;G;Electroménager
VEILLE BB;BEBE;M;Electroménager
VEILLE BB;DPAM;F;Electroménager
VEILLE BB;DPAM;G;Electroménager
VEILLE BB;DPAM;M;Electroménager
VEILLEUSE;BEBE;F;Electroménager
VEILLEUSE;BEBE;G;Electroménager
VEILLEUSE;BEBE;M;Electroménager
VEILLEUSE;DPAM;F;Electroménager
VEILLEUSE;DPAM;G;Electroménager
VEILLEUSE;DPAM;M;Electroménager
VESTE;BEBE;F;Vêtements
VESTE;BEBE;G;Vêtements
VESTE;BEBE;M;Vêtements
VESTE;DPAM;F;Vêtements
VESTE;DPAM;G;Vêtements
VESTE;DPAM;M;Vêtements
VESTE AUTRICHIE;BEBE;F;Vêtements
VESTE AUTRICHIE;BEBE;G;Vêtements
VESTE AUTRICHIE;BEBE;M;Vêtements
VESTE AUTRICHIE;DPAM;F;Vêtements
VESTE AUTRICHIE;DPAM;G;Vêtements
VESTE AUTRICHIE;DPAM;M;Vêtements
VILLE_BABIES;CHAUSSURES;F;Chaussures
VILLE_BABIES;CHAUSSURES;G;Chaussures
VILLE_BABIES;CHAUSSURES;M;Chaussures
VILLE_BABIES;CHAUSSURES;F;Chaussures
VILLE_BABIES;CHAUSSURES;G;Chaussures
VILLE_BABIES;CHAUSSURES;M;Chaussures
VILLE_BALLERINE;CHAUSSURES;F;Chaussures
VILLE_BALLERINE;CHAUSSURES;G;Chaussures
VILLE_BALLERINE;CHAUSSURES;M;Chaussures
VILLE_BALLERINE;CHAUSSURES;F;Chaussures
VILLE_BALLERINE;CHAUSSURES;G;Chaussures
VILLE_BALLERINE;CHAUSSURES;M;Chaussures
VILLE_BASKET;CHAUSSURES;F;Chaussures
VILLE_BASKET;CHAUSSURES;G;Chaussures
VILLE_BASKET;CHAUSSURES;M;Chaussures
VILLE_BASKET;CHAUSSURES;F;Chaussures
VILLE_BASKET;CHAUSSURES;G;Chaussures
VILLE_BASKET;CHAUSSURES;M;Chaussures
VILLE_BOOTS;CHAUSSURES;F;Chaussures
VILLE_BOOTS;CHAUSSURES;G;Chaussures
VILLE_BOOTS;CHAUSSURES;M;Chaussures
VILLE_BOOTS;CHAUSSURES;F;Chaussures
VILLE_BOOTS;CHAUSSURES;G;Chaussures
VILLE_BOOTS;CHAUSSURES;M;Chaussures
VILLE_BOTTE;CHAUSSURES;F;Chaussures
VILLE_BOTTE;CHAUSSURES;G;Chaussures
VILLE_BOTTE;CHAUSSURES;M;Chaussures
VILLE_BOTTE;CHAUSSURES;F;Chaussures
VILLE_BOTTE;CHAUSSURES;G;Chaussures
VILLE_BOTTE;CHAUSSURES;M;Chaussures
VILLE_BOTTILLON;CHAUSSURES;F;Chaussures
VILLE_BOTTILLON;CHAUSSURES;G;Chaussures
VILLE_BOTTILLON;CHAUSSURES;M;Chaussures
VILLE_BOTTILLON;CHAUSSURES;F;Chaussures
VILLE_BOTTILLON;CHAUSSURES;G;Chaussures
VILLE_BOTTILLON;CHAUSSURES;M;Chaussures
VILLE_DERBY;CHAUSSURES;F;Chaussures
VILLE_DERBY;CHAUSSURES;G;Chaussures
VILLE_DERBY;CHAUSSURES;M;Chaussures
VILLE_DERBY;CHAUSSURES;F;Chaussures
VILLE_DERBY;CHAUSSURES;G;Chaussures
VILLE_DERBY;CHAUSSURES;M;Chaussures
VILLE_LAYETTE;CHAUSSURES;F;Chaussures
VILLE_LAYETTE;CHAUSSURES;G;Chaussures
VILLE_LAYETTE;CHAUSSURES;M;Chaussures
VILLE_LAYETTE;CHAUSSURES;F;Chaussures
VILLE_LAYETTE;CHAUSSURES;G;Chaussures
VILLE_LAYETTE;CHAUSSURES;M;Chaussures
VILLE_MOCASSIN;CHAUSSURES;F;Chaussures
VILLE_MOCASSIN;CHAUSSURES;G;Chaussures
VILLE_MOCASSIN;CHAUSSURES;M;Chaussures
VILLE_MOCASSIN;CHAUSSURES;F;Chaussures
VILLE_MOCASSIN;CHAUSSURES;G;Chaussures
VILLE_MOCASSIN;CHAUSSURES;M;Chaussures
VILLE_NU PIEDS;CHAUSSURES;F;Chaussures
VILLE_NU PIEDS;CHAUSSURES;G;Chaussures
VILLE_NU PIEDS;CHAUSSURES;M;Chaussures
VILLE_NU PIEDS;CHAUSSURES;F;Chaussures
VILLE_NU PIEDS;CHAUSSURES;G;Chaussures
VILLE_NU PIEDS;CHAUSSURES;M;Chaussures
VILLE_PARC;CHAUSSURES;F;Chaussures
VILLE_PARC;CHAUSSURES;G;Chaussures
VILLE_PARC;CHAUSSURES;M;Chaussures
VILLE_PARC;CHAUSSURES;F;Chaussures
VILLE_PARC;CHAUSSURES;G;Chaussures
VILLE_PARC;CHAUSSURES;M;Chaussures
VILLE_SALOME;CHAUSSURES;F;Chaussures
VILLE_SALOME;CHAUSSURES;G;Chaussures
VILLE_SALOME;CHAUSSURES;M;Chaussures
VILLE_SALOME;CHAUSSURES;F;Chaussures
VILLE_SALOME;CHAUSSURES;G;Chaussures
VILLE_SALOME;CHAUSSURES;M;Chaussures
VILLE_SANDALE;CHAUSSURES;F;Chaussures
VILLE_SANDALE;CHAUSSURES;G;Chaussures
VILLE_SANDALE;CHAUSSURES;M;Chaussures
VILLE_SANDALE;CHAUSSURES;F;Chaussures
VILLE_SANDALE;CHAUSSURES;G;Chaussures
VILLE_SANDALE;CHAUSSURES;M;Chaussures
VILLE_SANDALETT;CHAUSSURES;F;Chaussures
VILLE_SANDALETT;CHAUSSURES;G;Chaussures
VILLE_SANDALETT;CHAUSSURES;M;Chaussures
VILLE_SANDALETT;CHAUSSURES;F;Chaussures
VILLE_SANDALETT;CHAUSSURES;G;Chaussures
VILLE_SANDALETT;CHAUSSURES;M;Chaussures
ACCESSOIRE PORT;BEBE;M;Portage
BABIES;CHAUSSURES;F;Chaussures
BALLERINE;CHAUSSURES;F;Chaussures
BOOTS;CHAUSSURES;F;Chaussures
BOTTE;CHAUSSURES;F;Chaussures
BOTTILLON;CHAUSSURES;G;Chaussures
BRACELET;DPAM;NON;Default
BRACELET;DPAM;M;Default
BRACELET;DPAM;F;Default
BRACELET;DPAM;G;Default
BRASSIERE;BEBE;M;Vêtements
CHAUFFEUSSE;MARKETING;M;Jouets
COUSSIN;BEBE;M;Default
HOUSSE DE MATEL;BEBE;M;Default
JEUX;DPAM;;Jouets
LIVRE;DPAM;;Livres
JEUX;DPAM;F;Jouets
LIVRE;DPAM;F;Livres
JEUX;DPAM;G;Jouets
LIVRE;DPAM;G;Livres
JEUX;DPAM;M;Jouets
LIVRE;DPAM;M;Livres
NU PIEDS;CHAUSSURES;F;Chaussures
NU PIEDS;CHAUSSURES;G;Chaussures
PANTOUFLE_RYTHM;CHAUSSURES;F;Chaussures
SALOME;CHAUSSURES;F;Chaussures
SALOME;CHAUSSURES;G;Chaussures
PLANCHE NOEL 12;MARKETING;M;Default
NON SIGNIFICATI;MARKETING;M;Default
LIVRE;MARKETING;;Livres
COUSSIN ALLAITE;BEBE;M;Default
MATELAS A LANGE;BEBE;M;Default
MONTRE ADIBOU;DPAM;M;Default
SAC;DPAM;NON;Default
GRI GRI;DPAM;NON;Default
PORTECARTEFDP;DPAM;NON;Default
EMPORTE PIECE;MARKETING;M;Default
POISSON ADHESIF;FOURNITURE;;
CAHIER;DPAM;M;Default
KIT POSTERS;DPAM;M;Default
KIT POSTER;DPAM;M;Default
JEU;DPAM;NON;Default
STICKERS;DPAM;M;Default
ANNEAU DE DENTI;BEBE;M;Default
SPORT_CROSS TRA;CHAUSSURES;G;Default
CHAUSSURES;BEBE;F;Chaussures
JOUET POUET;BEBE;F;Jouets
LUNCHBOX 2012FI;MARKETING;M;Default
CULOTTE COUCHE;BEBE;F;Couches
CULOTTE COUCHE;BEBE;G;Couches
CULOTTE COUCHE;BEBE;M;Couches
CULOTTE COUCHE;DPAM;F;Couches
CULOTTE COUCHE;DPAM;G;Couches
CULOTTE COUCHE;DPAM;M;Couches